[18-May-2025 13:28:29 Europe/Berlin] agency-dashboard.php - Case ID: CASE_1052E6025157ACB4, Progress: resolved
[18-May-2025 13:28:29 Europe/Berlin] agency-dashboard.php - Case ID: CASE_B43E0B22F6CE3B64, Progress: not seen
[18-May-2025 13:28:29 Europe/Berlin] agency-dashboard.php - Case ID: CASE_659622CD43D1F07A, Progress: not seen
[18-May-2025 13:28:29 Europe/Berlin] agency-dashboard.php - Case ID: CASE_A91302C237C8F91F, Progress: not seen
[18-May-2025 13:28:29 Europe/Berlin] agency-dashboard.php - Case ID: CASE_1052E6025157ACB4, Progress: resolved
[18-May-2025 13:28:29 Europe/Berlin] agency-dashboard.php - Case ID: CASE_B43E0B22F6CE3B64, Progress: not seen
[18-May-2025 13:28:29 Europe/Berlin] agency-dashboard.php - Case ID: CASE_659622CD43D1F07A, Progress: not seen
[18-May-2025 13:28:29 Europe/Berlin] agency-dashboard.php - Case ID: CASE_A91302C237C8F91F, Progress: not seen
[18-May-2025 15:55:56 Europe/Berlin] agency-dashboard.php - Case ID: CASE_1052E6025157ACB4, Progress: resolved
[18-May-2025 15:55:56 Europe/Berlin] agency-dashboard.php - Case ID: CASE_B43E0B22F6CE3B64, Progress: not seen
[18-May-2025 15:55:56 Europe/Berlin] agency-dashboard.php - Case ID: CASE_659622CD43D1F07A, Progress: not seen
[18-May-2025 15:55:56 Europe/Berlin] agency-dashboard.php - Case ID: CASE_A91302C237C8F91F, Progress: not seen
[18-May-2025 15:55:56 Europe/Berlin] agency-dashboard.php - Case ID: CASE_1052E6025157ACB4, Progress: resolved
[18-May-2025 15:55:56 Europe/Berlin] agency-dashboard.php - Case ID: CASE_B43E0B22F6CE3B64, Progress: not seen
[18-May-2025 15:55:56 Europe/Berlin] agency-dashboard.php - Case ID: CASE_659622CD43D1F07A, Progress: not seen
[18-May-2025 15:55:56 Europe/Berlin] agency-dashboard.php - Case ID: CASE_A91302C237C8F91F, Progress: not seen
[18-May-2025 15:57:27 Europe/Berlin] agency-dashboard.php - Case ID: CASE_1052E6025157ACB4, Progress: resolved
[18-May-2025 15:57:27 Europe/Berlin] agency-dashboard.php - Case ID: CASE_B43E0B22F6CE3B64, Progress: not seen
[18-May-2025 15:57:27 Europe/Berlin] agency-dashboard.php - Case ID: CASE_659622CD43D1F07A, Progress: not seen
[18-May-2025 15:57:27 Europe/Berlin] agency-dashboard.php - Case ID: CASE_A91302C237C8F91F, Progress: not seen
[18-May-2025 15:57:27 Europe/Berlin] agency-dashboard.php - Case ID: CASE_1052E6025157ACB4, Progress: resolved
[18-May-2025 15:57:27 Europe/Berlin] agency-dashboard.php - Case ID: CASE_B43E0B22F6CE3B64, Progress: not seen
[18-May-2025 15:57:27 Europe/Berlin] agency-dashboard.php - Case ID: CASE_659622CD43D1F07A, Progress: not seen
[18-May-2025 15:57:27 Europe/Berlin] agency-dashboard.php - Case ID: CASE_A91302C237C8F91F, Progress: not seen
[18-May-2025 15:57:33 Europe/Berlin] agency-dashboard.php - Case ID: CASE_1052E6025157ACB4, Progress: resolved
[18-May-2025 15:57:33 Europe/Berlin] agency-dashboard.php - Case ID: CASE_B43E0B22F6CE3B64, Progress: not seen
[18-May-2025 15:57:33 Europe/Berlin] agency-dashboard.php - Case ID: CASE_659622CD43D1F07A, Progress: not seen
[18-May-2025 15:57:33 Europe/Berlin] agency-dashboard.php - Case ID: CASE_A91302C237C8F91F, Progress: not seen
[18-May-2025 15:57:33 Europe/Berlin] agency-dashboard.php - Case ID: CASE_1052E6025157ACB4, Progress: resolved
[18-May-2025 15:57:33 Europe/Berlin] agency-dashboard.php - Case ID: CASE_B43E0B22F6CE3B64, Progress: not seen
[18-May-2025 15:57:33 Europe/Berlin] agency-dashboard.php - Case ID: CASE_659622CD43D1F07A, Progress: not seen
[18-May-2025 15:57:33 Europe/Berlin] agency-dashboard.php - Case ID: CASE_A91302C237C8F91F, Progress: not seen
[18-May-2025 16:03:21 Europe/Berlin] agency-dashboard.php - Case ID: CASE_1052E6025157ACB4, Progress: resolved
[18-May-2025 16:03:21 Europe/Berlin] agency-dashboard.php - Case ID: CASE_B43E0B22F6CE3B64, Progress: not seen
[18-May-2025 16:03:21 Europe/Berlin] agency-dashboard.php - Case ID: CASE_659622CD43D1F07A, Progress: not seen
[18-May-2025 16:03:21 Europe/Berlin] agency-dashboard.php - Case ID: CASE_A91302C237C8F91F, Progress: not seen
[18-May-2025 16:03:21 Europe/Berlin] agency-dashboard.php - Case ID: CASE_1052E6025157ACB4, Progress: resolved
[18-May-2025 16:03:21 Europe/Berlin] agency-dashboard.php - Case ID: CASE_B43E0B22F6CE3B64, Progress: not seen
[18-May-2025 16:03:21 Europe/Berlin] agency-dashboard.php - Case ID: CASE_659622CD43D1F07A, Progress: not seen
[18-May-2025 16:03:21 Europe/Berlin] agency-dashboard.php - Case ID: CASE_A91302C237C8F91F, Progress: not seen
[18-May-2025 16:05:31 Europe/Berlin] agency-dashboard.php - Case ID: CASE_1052E6025157ACB4, Progress: resolved
[18-May-2025 16:05:31 Europe/Berlin] agency-dashboard.php - Case ID: CASE_B43E0B22F6CE3B64, Progress: not seen
[18-May-2025 16:05:31 Europe/Berlin] agency-dashboard.php - Case ID: CASE_659622CD43D1F07A, Progress: not seen
[18-May-2025 16:05:31 Europe/Berlin] agency-dashboard.php - Case ID: CASE_A91302C237C8F91F, Progress: not seen
[18-May-2025 16:05:31 Europe/Berlin] agency-dashboard.php - Case ID: CASE_1052E6025157ACB4, Progress: resolved
[18-May-2025 16:05:31 Europe/Berlin] agency-dashboard.php - Case ID: CASE_B43E0B22F6CE3B64, Progress: not seen
[18-May-2025 16:05:31 Europe/Berlin] agency-dashboard.php - Case ID: CASE_659622CD43D1F07A, Progress: not seen
[18-May-2025 16:05:31 Europe/Berlin] agency-dashboard.php - Case ID: CASE_A91302C237C8F91F, Progress: not seen
[18-May-2025 16:05:52 Europe/Berlin] agency-dashboard.php - Case ID: CASE_1052E6025157ACB4, Progress: resolved
[18-May-2025 16:05:52 Europe/Berlin] agency-dashboard.php - Case ID: CASE_B43E0B22F6CE3B64, Progress: not seen
[18-May-2025 16:05:52 Europe/Berlin] agency-dashboard.php - Case ID: CASE_659622CD43D1F07A, Progress: not seen
[18-May-2025 16:05:52 Europe/Berlin] agency-dashboard.php - Case ID: CASE_A91302C237C8F91F, Progress: not seen
[18-May-2025 16:05:52 Europe/Berlin] agency-dashboard.php - Case ID: CASE_1052E6025157ACB4, Progress: resolved
[18-May-2025 16:05:52 Europe/Berlin] agency-dashboard.php - Case ID: CASE_B43E0B22F6CE3B64, Progress: not seen
[18-May-2025 16:05:52 Europe/Berlin] agency-dashboard.php - Case ID: CASE_659622CD43D1F07A, Progress: not seen
[18-May-2025 16:05:52 Europe/Berlin] agency-dashboard.php - Case ID: CASE_A91302C237C8F91F, Progress: not seen
[18-May-2025 16:05:57 Europe/Berlin] agency-dashboard.php - Case ID: CASE_1052E6025157ACB4, Progress: resolved
[18-May-2025 16:05:57 Europe/Berlin] agency-dashboard.php - Case ID: CASE_B43E0B22F6CE3B64, Progress: not seen
[18-May-2025 16:05:57 Europe/Berlin] agency-dashboard.php - Case ID: CASE_659622CD43D1F07A, Progress: not seen
[18-May-2025 16:05:57 Europe/Berlin] agency-dashboard.php - Case ID: CASE_A91302C237C8F91F, Progress: not seen
[18-May-2025 16:05:57 Europe/Berlin] agency-dashboard.php - Case ID: CASE_1052E6025157ACB4, Progress: resolved
[18-May-2025 16:05:57 Europe/Berlin] agency-dashboard.php - Case ID: CASE_B43E0B22F6CE3B64, Progress: not seen
[18-May-2025 16:05:57 Europe/Berlin] agency-dashboard.php - Case ID: CASE_659622CD43D1F07A, Progress: not seen
[18-May-2025 16:05:57 Europe/Berlin] agency-dashboard.php - Case ID: CASE_A91302C237C8F91F, Progress: not seen
[18-May-2025 16:06:38 Europe/Berlin] agency-dashboard.php - Case ID: CASE_1052E6025157ACB4, Progress: resolved
[18-May-2025 16:06:38 Europe/Berlin] agency-dashboard.php - Case ID: CASE_B43E0B22F6CE3B64, Progress: not seen
[18-May-2025 16:06:38 Europe/Berlin] agency-dashboard.php - Case ID: CASE_659622CD43D1F07A, Progress: not seen
[18-May-2025 16:06:38 Europe/Berlin] agency-dashboard.php - Case ID: CASE_A91302C237C8F91F, Progress: not seen
[18-May-2025 16:06:38 Europe/Berlin] agency-dashboard.php - Case ID: CASE_1052E6025157ACB4, Progress: resolved
[18-May-2025 16:06:38 Europe/Berlin] agency-dashboard.php - Case ID: CASE_B43E0B22F6CE3B64, Progress: not seen
[18-May-2025 16:06:38 Europe/Berlin] agency-dashboard.php - Case ID: CASE_659622CD43D1F07A, Progress: not seen
[18-May-2025 16:06:38 Europe/Berlin] agency-dashboard.php - Case ID: CASE_A91302C237C8F91F, Progress: not seen
[18-May-2025 16:06:43 Europe/Berlin] agency-dashboard.php - Case ID: CASE_1052E6025157ACB4, Progress: resolved
[18-May-2025 16:06:43 Europe/Berlin] agency-dashboard.php - Case ID: CASE_B43E0B22F6CE3B64, Progress: not seen
[18-May-2025 16:06:43 Europe/Berlin] agency-dashboard.php - Case ID: CASE_659622CD43D1F07A, Progress: not seen
[18-May-2025 16:06:43 Europe/Berlin] agency-dashboard.php - Case ID: CASE_A91302C237C8F91F, Progress: not seen
[18-May-2025 16:06:43 Europe/Berlin] agency-dashboard.php - Case ID: CASE_1052E6025157ACB4, Progress: resolved
[18-May-2025 16:06:43 Europe/Berlin] agency-dashboard.php - Case ID: CASE_B43E0B22F6CE3B64, Progress: not seen
[18-May-2025 16:06:43 Europe/Berlin] agency-dashboard.php - Case ID: CASE_659622CD43D1F07A, Progress: not seen
[18-May-2025 16:06:43 Europe/Berlin] agency-dashboard.php - Case ID: CASE_A91302C237C8F91F, Progress: not seen
[18-May-2025 16:06:46 Europe/Berlin] agency-dashboard.php - Case ID: CASE_1052E6025157ACB4, Progress: resolved
[18-May-2025 16:06:46 Europe/Berlin] agency-dashboard.php - Case ID: CASE_B43E0B22F6CE3B64, Progress: not seen
[18-May-2025 16:06:46 Europe/Berlin] agency-dashboard.php - Case ID: CASE_659622CD43D1F07A, Progress: not seen
[18-May-2025 16:06:46 Europe/Berlin] agency-dashboard.php - Case ID: CASE_A91302C237C8F91F, Progress: not seen
[18-May-2025 16:06:46 Europe/Berlin] agency-dashboard.php - Case ID: CASE_1052E6025157ACB4, Progress: resolved
[18-May-2025 16:06:46 Europe/Berlin] agency-dashboard.php - Case ID: CASE_B43E0B22F6CE3B64, Progress: not seen
[18-May-2025 16:06:46 Europe/Berlin] agency-dashboard.php - Case ID: CASE_659622CD43D1F07A, Progress: not seen
[18-May-2025 16:06:46 Europe/Berlin] agency-dashboard.php - Case ID: CASE_A91302C237C8F91F, Progress: not seen
[18-May-2025 16:06:53 Europe/Berlin] agency-dashboard.php - Case ID: CASE_1052E6025157ACB4, Progress: resolved
[18-May-2025 16:06:53 Europe/Berlin] agency-dashboard.php - Case ID: CASE_B43E0B22F6CE3B64, Progress: not seen
[18-May-2025 16:06:53 Europe/Berlin] agency-dashboard.php - Case ID: CASE_659622CD43D1F07A, Progress: not seen
[18-May-2025 16:06:53 Europe/Berlin] agency-dashboard.php - Case ID: CASE_A91302C237C8F91F, Progress: not seen
[18-May-2025 16:06:53 Europe/Berlin] agency-dashboard.php - Case ID: CASE_1052E6025157ACB4, Progress: resolved
[18-May-2025 16:06:53 Europe/Berlin] agency-dashboard.php - Case ID: CASE_B43E0B22F6CE3B64, Progress: not seen
[18-May-2025 16:06:53 Europe/Berlin] agency-dashboard.php - Case ID: CASE_659622CD43D1F07A, Progress: not seen
[18-May-2025 16:06:53 Europe/Berlin] agency-dashboard.php - Case ID: CASE_A91302C237C8F91F, Progress: not seen
[18-May-2025 16:06:57 Europe/Berlin] agency-dashboard.php - Case ID: CASE_1052E6025157ACB4, Progress: resolved
[18-May-2025 16:06:57 Europe/Berlin] agency-dashboard.php - Case ID: CASE_B43E0B22F6CE3B64, Progress: not seen
[18-May-2025 16:06:57 Europe/Berlin] agency-dashboard.php - Case ID: CASE_659622CD43D1F07A, Progress: not seen
[18-May-2025 16:06:57 Europe/Berlin] agency-dashboard.php - Case ID: CASE_A91302C237C8F91F, Progress: not seen
[18-May-2025 16:06:57 Europe/Berlin] agency-dashboard.php - Case ID: CASE_1052E6025157ACB4, Progress: resolved
[18-May-2025 16:06:57 Europe/Berlin] agency-dashboard.php - Case ID: CASE_B43E0B22F6CE3B64, Progress: not seen
[18-May-2025 16:06:57 Europe/Berlin] agency-dashboard.php - Case ID: CASE_659622CD43D1F07A, Progress: not seen
[18-May-2025 16:06:57 Europe/Berlin] agency-dashboard.php - Case ID: CASE_A91302C237C8F91F, Progress: not seen
[18-May-2025 16:07:02 Europe/Berlin] agency-dashboard.php - Case ID: CASE_1052E6025157ACB4, Progress: resolved
[18-May-2025 16:07:02 Europe/Berlin] agency-dashboard.php - Case ID: CASE_B43E0B22F6CE3B64, Progress: not seen
[18-May-2025 16:07:02 Europe/Berlin] agency-dashboard.php - Case ID: CASE_659622CD43D1F07A, Progress: not seen
[18-May-2025 16:07:02 Europe/Berlin] agency-dashboard.php - Case ID: CASE_A91302C237C8F91F, Progress: not seen
[18-May-2025 16:07:02 Europe/Berlin] agency-dashboard.php - Case ID: CASE_1052E6025157ACB4, Progress: resolved
[18-May-2025 16:07:02 Europe/Berlin] agency-dashboard.php - Case ID: CASE_B43E0B22F6CE3B64, Progress: not seen
[18-May-2025 16:07:02 Europe/Berlin] agency-dashboard.php - Case ID: CASE_659622CD43D1F07A, Progress: not seen
[18-May-2025 16:07:02 Europe/Berlin] agency-dashboard.php - Case ID: CASE_A91302C237C8F91F, Progress: not seen
[18-May-2025 16:07:30 Europe/Berlin] agency-dashboard.php - Case ID: CASE_1052E6025157ACB4, Progress: resolved
[18-May-2025 16:07:30 Europe/Berlin] agency-dashboard.php - Case ID: CASE_B43E0B22F6CE3B64, Progress: not seen
[18-May-2025 16:07:30 Europe/Berlin] agency-dashboard.php - Case ID: CASE_659622CD43D1F07A, Progress: not seen
[18-May-2025 16:07:30 Europe/Berlin] agency-dashboard.php - Case ID: CASE_A91302C237C8F91F, Progress: not seen
[18-May-2025 16:07:30 Europe/Berlin] agency-dashboard.php - Case ID: CASE_1052E6025157ACB4, Progress: resolved
[18-May-2025 16:07:30 Europe/Berlin] agency-dashboard.php - Case ID: CASE_B43E0B22F6CE3B64, Progress: not seen
[18-May-2025 16:07:30 Europe/Berlin] agency-dashboard.php - Case ID: CASE_659622CD43D1F07A, Progress: not seen
[18-May-2025 16:07:30 Europe/Berlin] agency-dashboard.php - Case ID: CASE_A91302C237C8F91F, Progress: not seen
[18-May-2025 16:07:37 Europe/Berlin] agency-dashboard.php - Case ID: CASE_1052E6025157ACB4, Progress: resolved
[18-May-2025 16:07:37 Europe/Berlin] agency-dashboard.php - Case ID: CASE_B43E0B22F6CE3B64, Progress: not seen
[18-May-2025 16:07:37 Europe/Berlin] agency-dashboard.php - Case ID: CASE_659622CD43D1F07A, Progress: not seen
[18-May-2025 16:07:37 Europe/Berlin] agency-dashboard.php - Case ID: CASE_A91302C237C8F91F, Progress: not seen
[18-May-2025 16:07:37 Europe/Berlin] agency-dashboard.php - Case ID: CASE_1052E6025157ACB4, Progress: resolved
[18-May-2025 16:07:37 Europe/Berlin] agency-dashboard.php - Case ID: CASE_B43E0B22F6CE3B64, Progress: not seen
[18-May-2025 16:07:37 Europe/Berlin] agency-dashboard.php - Case ID: CASE_659622CD43D1F07A, Progress: not seen
[18-May-2025 16:07:37 Europe/Berlin] agency-dashboard.php - Case ID: CASE_A91302C237C8F91F, Progress: not seen
[2025-05-18 16:10:31] API Error: Agency parameter is missing or empty
[18-May-2025 16:14:01 Europe/Berlin] agency-dashboard.php - Case ID: CASE_1052E6025157ACB4, Progress: resolved
[18-May-2025 16:14:01 Europe/Berlin] agency-dashboard.php - Case ID: CASE_B43E0B22F6CE3B64, Progress: not seen
[18-May-2025 16:14:01 Europe/Berlin] agency-dashboard.php - Case ID: CASE_659622CD43D1F07A, Progress: not seen
[18-May-2025 16:14:01 Europe/Berlin] agency-dashboard.php - Case ID: CASE_A91302C237C8F91F, Progress: not seen
[18-May-2025 16:14:01 Europe/Berlin] agency-dashboard.php - Case ID: CASE_1052E6025157ACB4, Progress: resolved
[18-May-2025 16:14:01 Europe/Berlin] agency-dashboard.php - Case ID: CASE_B43E0B22F6CE3B64, Progress: not seen
[18-May-2025 16:14:01 Europe/Berlin] agency-dashboard.php - Case ID: CASE_659622CD43D1F07A, Progress: not seen
[18-May-2025 16:14:01 Europe/Berlin] agency-dashboard.php - Case ID: CASE_A91302C237C8F91F, Progress: not seen
[18-May-2025 16:14:04 Europe/Berlin] agency-dashboard.php - Case ID: CASE_1052E6025157ACB4, Progress: resolved
[18-May-2025 16:14:04 Europe/Berlin] agency-dashboard.php - Case ID: CASE_B43E0B22F6CE3B64, Progress: not seen
[18-May-2025 16:14:04 Europe/Berlin] agency-dashboard.php - Case ID: CASE_659622CD43D1F07A, Progress: not seen
[18-May-2025 16:14:04 Europe/Berlin] agency-dashboard.php - Case ID: CASE_A91302C237C8F91F, Progress: not seen
[18-May-2025 16:14:04 Europe/Berlin] agency-dashboard.php - Case ID: CASE_1052E6025157ACB4, Progress: resolved
[18-May-2025 16:14:04 Europe/Berlin] agency-dashboard.php - Case ID: CASE_B43E0B22F6CE3B64, Progress: not seen
[18-May-2025 16:14:04 Europe/Berlin] agency-dashboard.php - Case ID: CASE_659622CD43D1F07A, Progress: not seen
[18-May-2025 16:14:04 Europe/Berlin] agency-dashboard.php - Case ID: CASE_A91302C237C8F91F, Progress: not seen
[18-May-2025 16:14:23 Europe/Berlin] agency-dashboard.php - Case ID: CASE_1052E6025157ACB4, Progress: resolved
[18-May-2025 16:14:23 Europe/Berlin] agency-dashboard.php - Case ID: CASE_B43E0B22F6CE3B64, Progress: not seen
[18-May-2025 16:14:23 Europe/Berlin] agency-dashboard.php - Case ID: CASE_659622CD43D1F07A, Progress: not seen
[18-May-2025 16:14:23 Europe/Berlin] agency-dashboard.php - Case ID: CASE_A91302C237C8F91F, Progress: not seen
[18-May-2025 16:14:23 Europe/Berlin] agency-dashboard.php - Case ID: CASE_1052E6025157ACB4, Progress: resolved
[18-May-2025 16:14:23 Europe/Berlin] agency-dashboard.php - Case ID: CASE_B43E0B22F6CE3B64, Progress: not seen
[18-May-2025 16:14:23 Europe/Berlin] agency-dashboard.php - Case ID: CASE_659622CD43D1F07A, Progress: not seen
[18-May-2025 16:14:23 Europe/Berlin] agency-dashboard.php - Case ID: CASE_A91302C237C8F91F, Progress: not seen
[18-May-2025 16:14:34 Europe/Berlin] agency-dashboard.php - Case ID: CASE_1052E6025157ACB4, Progress: resolved
[18-May-2025 16:14:34 Europe/Berlin] agency-dashboard.php - Case ID: CASE_B43E0B22F6CE3B64, Progress: not seen
[18-May-2025 16:14:34 Europe/Berlin] agency-dashboard.php - Case ID: CASE_659622CD43D1F07A, Progress: not seen
[18-May-2025 16:14:34 Europe/Berlin] agency-dashboard.php - Case ID: CASE_A91302C237C8F91F, Progress: not seen
[18-May-2025 16:14:34 Europe/Berlin] agency-dashboard.php - Case ID: CASE_1052E6025157ACB4, Progress: resolved
[18-May-2025 16:14:34 Europe/Berlin] agency-dashboard.php - Case ID: CASE_B43E0B22F6CE3B64, Progress: not seen
[18-May-2025 16:14:34 Europe/Berlin] agency-dashboard.php - Case ID: CASE_659622CD43D1F07A, Progress: not seen
[18-May-2025 16:14:34 Europe/Berlin] agency-dashboard.php - Case ID: CASE_A91302C237C8F91F, Progress: not seen
[2025-05-18 16:14:38] API Error: No complaint found with case_id: 4
[18-May-2025 16:15:04 Europe/Berlin] agency-dashboard.php - Case ID: CASE_1052E6025157ACB4, Progress: resolved
[18-May-2025 16:15:04 Europe/Berlin] agency-dashboard.php - Case ID: CASE_B43E0B22F6CE3B64, Progress: not seen
[18-May-2025 16:15:04 Europe/Berlin] agency-dashboard.php - Case ID: CASE_659622CD43D1F07A, Progress: not seen
[18-May-2025 16:15:04 Europe/Berlin] agency-dashboard.php - Case ID: CASE_A91302C237C8F91F, Progress: not seen
[18-May-2025 16:15:04 Europe/Berlin] agency-dashboard.php - Case ID: CASE_1052E6025157ACB4, Progress: resolved
[18-May-2025 16:15:04 Europe/Berlin] agency-dashboard.php - Case ID: CASE_B43E0B22F6CE3B64, Progress: not seen
[18-May-2025 16:15:04 Europe/Berlin] agency-dashboard.php - Case ID: CASE_659622CD43D1F07A, Progress: not seen
[18-May-2025 16:15:04 Europe/Berlin] agency-dashboard.php - Case ID: CASE_A91302C237C8F91F, Progress: not seen
[2025-05-18 16:15:09] API Error: No complaint found with case_id: 2
[2025-05-18 16:15:17] API Error: Invalid request method
[2025-05-18 16:17:24] API Error: Invalid request method
[18-May-2025 16:34:16 Europe/Berlin] agency-dashboard.php - Case ID: CASE_1052E6025157ACB4, Progress: resolved
[18-May-2025 16:34:16 Europe/Berlin] agency-dashboard.php - Case ID: CASE_B43E0B22F6CE3B64, Progress: not seen
[18-May-2025 16:34:16 Europe/Berlin] agency-dashboard.php - Case ID: CASE_659622CD43D1F07A, Progress: not seen
[18-May-2025 16:34:16 Europe/Berlin] agency-dashboard.php - Case ID: CASE_A91302C237C8F91F, Progress: not seen
[18-May-2025 16:34:16 Europe/Berlin] agency-dashboard.php - Case ID: CASE_1052E6025157ACB4, Progress: resolved
[18-May-2025 16:34:16 Europe/Berlin] agency-dashboard.php - Case ID: CASE_B43E0B22F6CE3B64, Progress: not seen
[18-May-2025 16:34:16 Europe/Berlin] agency-dashboard.php - Case ID: CASE_659622CD43D1F07A, Progress: not seen
[18-May-2025 16:34:16 Europe/Berlin] agency-dashboard.php - Case ID: CASE_A91302C237C8F91F, Progress: not seen
[18-May-2025 16:35:35 Europe/Berlin] agency-dashboard.php - Case ID: CASE_1052E6025157ACB4, Progress: resolved
[18-May-2025 16:35:35 Europe/Berlin] agency-dashboard.php - Case ID: CASE_B43E0B22F6CE3B64, Progress: not seen
[18-May-2025 16:35:35 Europe/Berlin] agency-dashboard.php - Case ID: CASE_659622CD43D1F07A, Progress: not seen
[18-May-2025 16:35:35 Europe/Berlin] agency-dashboard.php - Case ID: CASE_A91302C237C8F91F, Progress: not seen
[18-May-2025 16:35:35 Europe/Berlin] agency-dashboard.php - Case ID: CASE_1052E6025157ACB4, Progress: resolved
[18-May-2025 16:35:35 Europe/Berlin] agency-dashboard.php - Case ID: CASE_B43E0B22F6CE3B64, Progress: not seen
[18-May-2025 16:35:35 Europe/Berlin] agency-dashboard.php - Case ID: CASE_659622CD43D1F07A, Progress: not seen
[18-May-2025 16:35:35 Europe/Berlin] agency-dashboard.php - Case ID: CASE_A91302C237C8F91F, Progress: not seen
[18-May-2025 16:43:15 Europe/Berlin] agency-dashboard.php - Case ID: CASE_1052E6025157ACB4, Progress: resolved
[18-May-2025 16:43:15 Europe/Berlin] agency-dashboard.php - Case ID: CASE_B43E0B22F6CE3B64, Progress: not seen
[18-May-2025 16:43:15 Europe/Berlin] agency-dashboard.php - Case ID: CASE_1052E6025157ACB4, Progress: resolved
[18-May-2025 16:43:15 Europe/Berlin] agency-dashboard.php - Case ID: CASE_659622CD43D1F07A, Progress: not seen
[18-May-2025 16:43:15 Europe/Berlin] agency-dashboard.php - Case ID: CASE_B43E0B22F6CE3B64, Progress: not seen
[18-May-2025 16:43:15 Europe/Berlin] agency-dashboard.php - Case ID: CASE_A91302C237C8F91F, Progress: not seen
[18-May-2025 16:43:15 Europe/Berlin] agency-dashboard.php - Case ID: CASE_659622CD43D1F07A, Progress: not seen
[18-May-2025 16:43:15 Europe/Berlin] agency-dashboard.php - Case ID: CASE_A91302C237C8F91F, Progress: not seen
[2025-05-18 16:45:55] API Error: Invalid request method
[18-May-2025 16:47:01 Europe/Berlin] agency-dashboard.php - Case ID: CASE_1052E6025157ACB4, Progress: resolved
[18-May-2025 16:47:01 Europe/Berlin] agency-dashboard.php - Case ID: CASE_B43E0B22F6CE3B64, Progress: not seen
[18-May-2025 16:47:01 Europe/Berlin] agency-dashboard.php - Case ID: CASE_1052E6025157ACB4, Progress: resolved
[18-May-2025 16:47:01 Europe/Berlin] agency-dashboard.php - Case ID: CASE_659622CD43D1F07A, Progress: not seen
[18-May-2025 16:47:01 Europe/Berlin] agency-dashboard.php - Case ID: CASE_B43E0B22F6CE3B64, Progress: not seen
[18-May-2025 16:47:01 Europe/Berlin] agency-dashboard.php - Case ID: CASE_A91302C237C8F91F, Progress: not seen
[18-May-2025 16:47:01 Europe/Berlin] agency-dashboard.php - Case ID: CASE_659622CD43D1F07A, Progress: not seen
[18-May-2025 16:47:01 Europe/Berlin] agency-dashboard.php - Case ID: CASE_A91302C237C8F91F, Progress: not seen
[18-May-2025 16:47:23 Europe/Berlin] agency-dashboard.php - Case ID: CASE_1052E6025157ACB4, Progress: resolved
[18-May-2025 16:47:23 Europe/Berlin] agency-dashboard.php - Case ID: CASE_B43E0B22F6CE3B64, Progress: not seen
[18-May-2025 16:47:23 Europe/Berlin] agency-dashboard.php - Case ID: CASE_659622CD43D1F07A, Progress: not seen
[18-May-2025 16:47:23 Europe/Berlin] agency-dashboard.php - Case ID: CASE_A91302C237C8F91F, Progress: not seen
[18-May-2025 16:47:23 Europe/Berlin] agency-dashboard.php - Case ID: CASE_1052E6025157ACB4, Progress: resolved
[18-May-2025 16:47:23 Europe/Berlin] agency-dashboard.php - Case ID: CASE_B43E0B22F6CE3B64, Progress: not seen
[18-May-2025 16:47:23 Europe/Berlin] agency-dashboard.php - Case ID: CASE_659622CD43D1F07A, Progress: not seen
[18-May-2025 16:47:23 Europe/Berlin] agency-dashboard.php - Case ID: CASE_A91302C237C8F91F, Progress: not seen
[18-May-2025 16:47:23 Europe/Berlin] agency-dashboard.php - Case ID: CASE_1052E6025157ACB4, Progress: resolved
[18-May-2025 16:47:23 Europe/Berlin] agency-dashboard.php - Case ID: CASE_B43E0B22F6CE3B64, Progress: not seen
[18-May-2025 16:47:23 Europe/Berlin] agency-dashboard.php - Case ID: CASE_659622CD43D1F07A, Progress: not seen
[18-May-2025 16:47:23 Europe/Berlin] agency-dashboard.php - Case ID: CASE_A91302C237C8F91F, Progress: not seen
[18-May-2025 16:47:23 Europe/Berlin] agency-dashboard.php - Case ID: CASE_1052E6025157ACB4, Progress: resolved
[18-May-2025 16:47:23 Europe/Berlin] agency-dashboard.php - Case ID: CASE_B43E0B22F6CE3B64, Progress: not seen
[18-May-2025 16:47:23 Europe/Berlin] agency-dashboard.php - Case ID: CASE_659622CD43D1F07A, Progress: not seen
[18-May-2025 16:47:23 Europe/Berlin] agency-dashboard.php - Case ID: CASE_A91302C237C8F91F, Progress: not seen
[18-May-2025 16:47:23 Europe/Berlin] agency-dashboard.php - Case ID: CASE_1052E6025157ACB4, Progress: resolved
[18-May-2025 16:47:23 Europe/Berlin] agency-dashboard.php - Case ID: CASE_B43E0B22F6CE3B64, Progress: not seen
[18-May-2025 16:47:23 Europe/Berlin] agency-dashboard.php - Case ID: CASE_659622CD43D1F07A, Progress: not seen
[18-May-2025 16:47:23 Europe/Berlin] agency-dashboard.php - Case ID: CASE_A91302C237C8F91F, Progress: not seen
[18-May-2025 16:47:23 Europe/Berlin] agency-dashboard.php - Case ID: CASE_1052E6025157ACB4, Progress: resolved
[18-May-2025 16:47:23 Europe/Berlin] agency-dashboard.php - Case ID: CASE_B43E0B22F6CE3B64, Progress: not seen
[18-May-2025 16:47:23 Europe/Berlin] agency-dashboard.php - Case ID: CASE_659622CD43D1F07A, Progress: not seen
[18-May-2025 16:47:23 Europe/Berlin] agency-dashboard.php - Case ID: CASE_A91302C237C8F91F, Progress: not seen
[18-May-2025 16:48:54 Europe/Berlin] agency-dashboard.php - Case ID: CASE_1052E6025157ACB4, Progress: resolved
[18-May-2025 16:48:54 Europe/Berlin] agency-dashboard.php - Case ID: CASE_B43E0B22F6CE3B64, Progress: not seen
[18-May-2025 16:48:54 Europe/Berlin] agency-dashboard.php - Case ID: CASE_659622CD43D1F07A, Progress: not seen
[18-May-2025 16:48:54 Europe/Berlin] agency-dashboard.php - Case ID: CASE_A91302C237C8F91F, Progress: not seen
[18-May-2025 16:48:54 Europe/Berlin] agency-dashboard.php - Case ID: CASE_1052E6025157ACB4, Progress: resolved
[18-May-2025 16:48:54 Europe/Berlin] agency-dashboard.php - Case ID: CASE_B43E0B22F6CE3B64, Progress: not seen
[18-May-2025 16:48:54 Europe/Berlin] agency-dashboard.php - Case ID: CASE_659622CD43D1F07A, Progress: not seen
[18-May-2025 16:48:54 Europe/Berlin] agency-dashboard.php - Case ID: CASE_A91302C237C8F91F, Progress: not seen
[18-May-2025 16:49:00 Europe/Berlin] agency-dashboard.php - Case ID: CASE_1052E6025157ACB4, Progress: resolved
[18-May-2025 16:49:00 Europe/Berlin] agency-dashboard.php - Case ID: CASE_B43E0B22F6CE3B64, Progress: not seen
[18-May-2025 16:49:00 Europe/Berlin] agency-dashboard.php - Case ID: CASE_659622CD43D1F07A, Progress: not seen
[18-May-2025 16:49:00 Europe/Berlin] agency-dashboard.php - Case ID: CASE_A91302C237C8F91F, Progress: not seen
[18-May-2025 16:49:00 Europe/Berlin] agency-dashboard.php - Case ID: CASE_1052E6025157ACB4, Progress: resolved
[18-May-2025 16:49:00 Europe/Berlin] agency-dashboard.php - Case ID: CASE_B43E0B22F6CE3B64, Progress: not seen
[18-May-2025 16:49:00 Europe/Berlin] agency-dashboard.php - Case ID: CASE_659622CD43D1F07A, Progress: not seen
[18-May-2025 16:49:00 Europe/Berlin] agency-dashboard.php - Case ID: CASE_A91302C237C8F91F, Progress: not seen
[18-May-2025 16:49:21 Europe/Berlin] agency-dashboard.php - Case ID: CASE_1052E6025157ACB4, Progress: resolved
[18-May-2025 16:49:21 Europe/Berlin] agency-dashboard.php - Case ID: CASE_B43E0B22F6CE3B64, Progress: not seen
[18-May-2025 16:49:21 Europe/Berlin] agency-dashboard.php - Case ID: CASE_659622CD43D1F07A, Progress: not seen
[18-May-2025 16:49:21 Europe/Berlin] agency-dashboard.php - Case ID: CASE_A91302C237C8F91F, Progress: not seen
[18-May-2025 16:49:21 Europe/Berlin] agency-dashboard.php - Case ID: CASE_1052E6025157ACB4, Progress: resolved
[18-May-2025 16:49:21 Europe/Berlin] agency-dashboard.php - Case ID: CASE_B43E0B22F6CE3B64, Progress: not seen
[18-May-2025 16:49:21 Europe/Berlin] agency-dashboard.php - Case ID: CASE_659622CD43D1F07A, Progress: not seen
[18-May-2025 16:49:21 Europe/Berlin] agency-dashboard.php - Case ID: CASE_A91302C237C8F91F, Progress: not seen
[2025-05-18 16:49:49] API Error: Invalid request method
[2025-05-18 16:50:10] API Error: Invalid request method
[2025-05-18 16:50:11] API Error: Invalid request method
[2025-05-18 16:50:11] API Error: Invalid request method
[2025-05-18 16:50:12] API Error: Invalid request method
[18-May-2025 16:51:03 Europe/Berlin] agency-dashboard.php - Case ID: CASE_1052E6025157ACB4, Progress: resolved
[18-May-2025 16:51:03 Europe/Berlin] agency-dashboard.php - Case ID: CASE_B43E0B22F6CE3B64, Progress: not seen
[18-May-2025 16:51:03 Europe/Berlin] agency-dashboard.php - Case ID: CASE_659622CD43D1F07A, Progress: not seen
[18-May-2025 16:51:03 Europe/Berlin] agency-dashboard.php - Case ID: CASE_A91302C237C8F91F, Progress: not seen
[18-May-2025 16:51:03 Europe/Berlin] agency-dashboard.php - Case ID: CASE_1052E6025157ACB4, Progress: resolved
[18-May-2025 16:51:03 Europe/Berlin] agency-dashboard.php - Case ID: CASE_B43E0B22F6CE3B64, Progress: not seen
[18-May-2025 16:51:03 Europe/Berlin] agency-dashboard.php - Case ID: CASE_659622CD43D1F07A, Progress: not seen
[18-May-2025 16:51:03 Europe/Berlin] agency-dashboard.php - Case ID: CASE_A91302C237C8F91F, Progress: not seen
[18-May-2025 16:51:59 Europe/Berlin] agency-dashboard.php - Case ID: CASE_1052E6025157ACB4, Progress: resolved
[18-May-2025 16:51:59 Europe/Berlin] agency-dashboard.php - Case ID: CASE_B43E0B22F6CE3B64, Progress: not seen
[18-May-2025 16:51:59 Europe/Berlin] agency-dashboard.php - Case ID: CASE_659622CD43D1F07A, Progress: not seen
[18-May-2025 16:51:59 Europe/Berlin] agency-dashboard.php - Case ID: CASE_A91302C237C8F91F, Progress: not seen
[18-May-2025 16:51:59 Europe/Berlin] agency-dashboard.php - Case ID: CASE_1052E6025157ACB4, Progress: resolved
[18-May-2025 16:51:59 Europe/Berlin] agency-dashboard.php - Case ID: CASE_B43E0B22F6CE3B64, Progress: not seen
[18-May-2025 16:51:59 Europe/Berlin] agency-dashboard.php - Case ID: CASE_659622CD43D1F07A, Progress: not seen
[18-May-2025 16:51:59 Europe/Berlin] agency-dashboard.php - Case ID: CASE_A91302C237C8F91F, Progress: not seen
[18-May-2025 16:57:44 Europe/Berlin] agency-dashboard.php - Case ID: CASE_1052E6025157ACB4, Progress: resolved
[18-May-2025 16:57:44 Europe/Berlin] agency-dashboard.php - Case ID: CASE_B43E0B22F6CE3B64, Progress: not seen
[18-May-2025 16:57:44 Europe/Berlin] agency-dashboard.php - Case ID: CASE_659622CD43D1F07A, Progress: not seen
[18-May-2025 16:57:44 Europe/Berlin] agency-dashboard.php - Case ID: CASE_A91302C237C8F91F, Progress: not seen
[18-May-2025 16:57:44 Europe/Berlin] agency-dashboard.php - Case ID: CASE_1052E6025157ACB4, Progress: resolved
[18-May-2025 16:57:44 Europe/Berlin] agency-dashboard.php - Case ID: CASE_B43E0B22F6CE3B64, Progress: not seen
[18-May-2025 16:57:44 Europe/Berlin] agency-dashboard.php - Case ID: CASE_659622CD43D1F07A, Progress: not seen
[18-May-2025 16:57:44 Europe/Berlin] agency-dashboard.php - Case ID: CASE_A91302C237C8F91F, Progress: not seen
[18-May-2025 16:57:52 Europe/Berlin] agency-dashboard.php - Case ID: CASE_1052E6025157ACB4, Progress: resolved
[18-May-2025 16:57:52 Europe/Berlin] agency-dashboard.php - Case ID: CASE_B43E0B22F6CE3B64, Progress: not seen
[18-May-2025 16:57:52 Europe/Berlin] agency-dashboard.php - Case ID: CASE_659622CD43D1F07A, Progress: not seen
[18-May-2025 16:57:52 Europe/Berlin] agency-dashboard.php - Case ID: CASE_A91302C237C8F91F, Progress: not seen
[18-May-2025 16:57:52 Europe/Berlin] agency-dashboard.php - Case ID: CASE_1052E6025157ACB4, Progress: resolved
[18-May-2025 16:57:52 Europe/Berlin] agency-dashboard.php - Case ID: CASE_B43E0B22F6CE3B64, Progress: not seen
[18-May-2025 16:57:52 Europe/Berlin] agency-dashboard.php - Case ID: CASE_659622CD43D1F07A, Progress: not seen
[18-May-2025 16:57:52 Europe/Berlin] agency-dashboard.php - Case ID: CASE_A91302C237C8F91F, Progress: not seen
[18-May-2025 16:57:56 Europe/Berlin] agency-dashboard.php - Case ID: CASE_1052E6025157ACB4, Progress: resolved
[18-May-2025 16:57:56 Europe/Berlin] agency-dashboard.php - Case ID: CASE_B43E0B22F6CE3B64, Progress: not seen
[18-May-2025 16:57:56 Europe/Berlin] agency-dashboard.php - Case ID: CASE_659622CD43D1F07A, Progress: not seen
[18-May-2025 16:57:56 Europe/Berlin] agency-dashboard.php - Case ID: CASE_A91302C237C8F91F, Progress: not seen
[18-May-2025 16:57:56 Europe/Berlin] agency-dashboard.php - Case ID: CASE_1052E6025157ACB4, Progress: resolved
[18-May-2025 16:57:56 Europe/Berlin] agency-dashboard.php - Case ID: CASE_B43E0B22F6CE3B64, Progress: not seen
[18-May-2025 16:57:56 Europe/Berlin] agency-dashboard.php - Case ID: CASE_659622CD43D1F07A, Progress: not seen
[18-May-2025 16:57:56 Europe/Berlin] agency-dashboard.php - Case ID: CASE_A91302C237C8F91F, Progress: not seen
[18-May-2025 16:58:02 Europe/Berlin] agency-dashboard.php - Case ID: CASE_1052E6025157ACB4, Progress: resolved
[18-May-2025 16:58:02 Europe/Berlin] agency-dashboard.php - Case ID: CASE_B43E0B22F6CE3B64, Progress: not seen
[18-May-2025 16:58:02 Europe/Berlin] agency-dashboard.php - Case ID: CASE_659622CD43D1F07A, Progress: not seen
[18-May-2025 16:58:02 Europe/Berlin] agency-dashboard.php - Case ID: CASE_A91302C237C8F91F, Progress: not seen
[18-May-2025 16:58:02 Europe/Berlin] agency-dashboard.php - Case ID: CASE_1052E6025157ACB4, Progress: resolved
[18-May-2025 16:58:02 Europe/Berlin] agency-dashboard.php - Case ID: CASE_B43E0B22F6CE3B64, Progress: not seen
[18-May-2025 16:58:02 Europe/Berlin] agency-dashboard.php - Case ID: CASE_659622CD43D1F07A, Progress: not seen
[18-May-2025 16:58:02 Europe/Berlin] agency-dashboard.php - Case ID: CASE_A91302C237C8F91F, Progress: not seen
[18-May-2025 16:58:53 Europe/Berlin] agency-dashboard.php - Case ID: CASE_1052E6025157ACB4, Progress: resolved
[18-May-2025 16:58:53 Europe/Berlin] agency-dashboard.php - Case ID: CASE_B43E0B22F6CE3B64, Progress: not seen
[18-May-2025 16:58:53 Europe/Berlin] agency-dashboard.php - Case ID: CASE_659622CD43D1F07A, Progress: not seen
[18-May-2025 16:58:53 Europe/Berlin] agency-dashboard.php - Case ID: CASE_A91302C237C8F91F, Progress: not seen
[18-May-2025 16:58:54 Europe/Berlin] agency-dashboard.php - Case ID: CASE_1052E6025157ACB4, Progress: resolved
[18-May-2025 16:58:54 Europe/Berlin] agency-dashboard.php - Case ID: CASE_B43E0B22F6CE3B64, Progress: not seen
[18-May-2025 16:58:54 Europe/Berlin] agency-dashboard.php - Case ID: CASE_659622CD43D1F07A, Progress: not seen
[18-May-2025 16:58:54 Europe/Berlin] agency-dashboard.php - Case ID: CASE_A91302C237C8F91F, Progress: not seen
[18-May-2025 16:58:59 Europe/Berlin] agency-dashboard.php - Case ID: CASE_1052E6025157ACB4, Progress: resolved
[18-May-2025 16:58:59 Europe/Berlin] agency-dashboard.php - Case ID: CASE_B43E0B22F6CE3B64, Progress: not seen
[18-May-2025 16:58:59 Europe/Berlin] agency-dashboard.php - Case ID: CASE_659622CD43D1F07A, Progress: not seen
[18-May-2025 16:58:59 Europe/Berlin] agency-dashboard.php - Case ID: CASE_A91302C237C8F91F, Progress: not seen
[18-May-2025 16:58:59 Europe/Berlin] agency-dashboard.php - Case ID: CASE_1052E6025157ACB4, Progress: resolved
[18-May-2025 16:58:59 Europe/Berlin] agency-dashboard.php - Case ID: CASE_B43E0B22F6CE3B64, Progress: not seen
[18-May-2025 16:58:59 Europe/Berlin] agency-dashboard.php - Case ID: CASE_659622CD43D1F07A, Progress: not seen
[18-May-2025 16:58:59 Europe/Berlin] agency-dashboard.php - Case ID: CASE_A91302C237C8F91F, Progress: not seen
[18-May-2025 16:59:03 Europe/Berlin] agency-dashboard.php - Case ID: CASE_1052E6025157ACB4, Progress: resolved
[18-May-2025 16:59:03 Europe/Berlin] agency-dashboard.php - Case ID: CASE_B43E0B22F6CE3B64, Progress: not seen
[18-May-2025 16:59:03 Europe/Berlin] agency-dashboard.php - Case ID: CASE_659622CD43D1F07A, Progress: not seen
[18-May-2025 16:59:03 Europe/Berlin] agency-dashboard.php - Case ID: CASE_A91302C237C8F91F, Progress: not seen
[18-May-2025 16:59:03 Europe/Berlin] agency-dashboard.php - Case ID: CASE_1052E6025157ACB4, Progress: resolved
[18-May-2025 16:59:03 Europe/Berlin] agency-dashboard.php - Case ID: CASE_B43E0B22F6CE3B64, Progress: not seen
[18-May-2025 16:59:03 Europe/Berlin] agency-dashboard.php - Case ID: CASE_659622CD43D1F07A, Progress: not seen
[18-May-2025 16:59:03 Europe/Berlin] agency-dashboard.php - Case ID: CASE_A91302C237C8F91F, Progress: not seen
[18-May-2025 16:59:07 Europe/Berlin] agency-dashboard.php - Case ID: CASE_1052E6025157ACB4, Progress: resolved
[18-May-2025 16:59:07 Europe/Berlin] agency-dashboard.php - Case ID: CASE_B43E0B22F6CE3B64, Progress: not seen
[18-May-2025 16:59:07 Europe/Berlin] agency-dashboard.php - Case ID: CASE_659622CD43D1F07A, Progress: not seen
[18-May-2025 16:59:07 Europe/Berlin] agency-dashboard.php - Case ID: CASE_A91302C237C8F91F, Progress: not seen
[18-May-2025 16:59:07 Europe/Berlin] agency-dashboard.php - Case ID: CASE_1052E6025157ACB4, Progress: resolved
[18-May-2025 16:59:07 Europe/Berlin] agency-dashboard.php - Case ID: CASE_B43E0B22F6CE3B64, Progress: not seen
[18-May-2025 16:59:07 Europe/Berlin] agency-dashboard.php - Case ID: CASE_659622CD43D1F07A, Progress: not seen
[18-May-2025 16:59:07 Europe/Berlin] agency-dashboard.php - Case ID: CASE_A91302C237C8F91F, Progress: not seen
[18-May-2025 17:01:11 Europe/Berlin] agency-dashboard.php - Case ID: CASE_1052E6025157ACB4, Progress: resolved
[18-May-2025 17:01:11 Europe/Berlin] agency-dashboard.php - Case ID: CASE_B43E0B22F6CE3B64, Progress: not seen
[18-May-2025 17:01:11 Europe/Berlin] agency-dashboard.php - Case ID: CASE_659622CD43D1F07A, Progress: not seen
[18-May-2025 17:01:11 Europe/Berlin] agency-dashboard.php - Case ID: CASE_A91302C237C8F91F, Progress: not seen
[18-May-2025 17:01:12 Europe/Berlin] agency-dashboard.php - Case ID: CASE_1052E6025157ACB4, Progress: resolved
[18-May-2025 17:01:12 Europe/Berlin] agency-dashboard.php - Case ID: CASE_B43E0B22F6CE3B64, Progress: not seen
[18-May-2025 17:01:12 Europe/Berlin] agency-dashboard.php - Case ID: CASE_659622CD43D1F07A, Progress: not seen
[18-May-2025 17:01:12 Europe/Berlin] agency-dashboard.php - Case ID: CASE_A91302C237C8F91F, Progress: not seen
[18-May-2025 17:04:01 Europe/Berlin] agency-dashboard.php - Case ID: CASE_1052E6025157ACB4, Progress: resolved
[18-May-2025 17:04:01 Europe/Berlin] agency-dashboard.php - Case ID: CASE_B43E0B22F6CE3B64, Progress: not seen
[18-May-2025 17:04:01 Europe/Berlin] agency-dashboard.php - Case ID: CASE_659622CD43D1F07A, Progress: not seen
[18-May-2025 17:04:01 Europe/Berlin] agency-dashboard.php - Case ID: CASE_A91302C237C8F91F, Progress: not seen
[18-May-2025 17:04:01 Europe/Berlin] agency-dashboard.php - Case ID: CASE_1052E6025157ACB4, Progress: resolved
[18-May-2025 17:04:01 Europe/Berlin] agency-dashboard.php - Case ID: CASE_B43E0B22F6CE3B64, Progress: not seen
[18-May-2025 17:04:01 Europe/Berlin] agency-dashboard.php - Case ID: CASE_659622CD43D1F07A, Progress: not seen
[18-May-2025 17:04:01 Europe/Berlin] agency-dashboard.php - Case ID: CASE_A91302C237C8F91F, Progress: not seen
[18-May-2025 17:04:08 Europe/Berlin] agency-dashboard.php - Case ID: CASE_1052E6025157ACB4, Progress: resolved
[18-May-2025 17:04:08 Europe/Berlin] agency-dashboard.php - Case ID: CASE_B43E0B22F6CE3B64, Progress: not seen
[18-May-2025 17:04:08 Europe/Berlin] agency-dashboard.php - Case ID: CASE_659622CD43D1F07A, Progress: not seen
[18-May-2025 17:04:08 Europe/Berlin] agency-dashboard.php - Case ID: CASE_A91302C237C8F91F, Progress: not seen
[18-May-2025 17:04:08 Europe/Berlin] agency-dashboard.php - Case ID: CASE_1052E6025157ACB4, Progress: resolved
[18-May-2025 17:04:08 Europe/Berlin] agency-dashboard.php - Case ID: CASE_B43E0B22F6CE3B64, Progress: not seen
[18-May-2025 17:04:08 Europe/Berlin] agency-dashboard.php - Case ID: CASE_659622CD43D1F07A, Progress: not seen
[18-May-2025 17:04:08 Europe/Berlin] agency-dashboard.php - Case ID: CASE_A91302C237C8F91F, Progress: not seen
[18-May-2025 17:04:50 Europe/Berlin] agency-dashboard.php - Case ID: CASE_1052E6025157ACB4, Progress: resolved
[18-May-2025 17:04:50 Europe/Berlin] agency-dashboard.php - Case ID: CASE_B43E0B22F6CE3B64, Progress: not seen
[18-May-2025 17:04:50 Europe/Berlin] agency-dashboard.php - Case ID: CASE_659622CD43D1F07A, Progress: not seen
[18-May-2025 17:04:50 Europe/Berlin] agency-dashboard.php - Case ID: CASE_A91302C237C8F91F, Progress: not seen
[18-May-2025 17:04:50 Europe/Berlin] agency-dashboard.php - Case ID: CASE_1052E6025157ACB4, Progress: resolved
[18-May-2025 17:04:50 Europe/Berlin] agency-dashboard.php - Case ID: CASE_B43E0B22F6CE3B64, Progress: not seen
[18-May-2025 17:04:50 Europe/Berlin] agency-dashboard.php - Case ID: CASE_659622CD43D1F07A, Progress: not seen
[18-May-2025 17:04:50 Europe/Berlin] agency-dashboard.php - Case ID: CASE_A91302C237C8F91F, Progress: not seen
[18-May-2025 17:08:07 Europe/Berlin] agency-dashboard.php - Case ID: CASE_1052E6025157ACB4, Progress: resolved
[18-May-2025 17:08:07 Europe/Berlin] agency-dashboard.php - Case ID: CASE_B43E0B22F6CE3B64, Progress: not seen
[18-May-2025 17:08:07 Europe/Berlin] agency-dashboard.php - Case ID: CASE_659622CD43D1F07A, Progress: not seen
[18-May-2025 17:08:07 Europe/Berlin] agency-dashboard.php - Case ID: CASE_A91302C237C8F91F, Progress: not seen
[18-May-2025 17:08:07 Europe/Berlin] agency-dashboard.php - Case ID: CASE_1052E6025157ACB4, Progress: resolved
[18-May-2025 17:08:07 Europe/Berlin] agency-dashboard.php - Case ID: CASE_B43E0B22F6CE3B64, Progress: not seen
[18-May-2025 17:08:07 Europe/Berlin] agency-dashboard.php - Case ID: CASE_659622CD43D1F07A, Progress: not seen
[18-May-2025 17:08:07 Europe/Berlin] agency-dashboard.php - Case ID: CASE_A91302C237C8F91F, Progress: not seen
[18-May-2025 17:08:41 Europe/Berlin] agency-dashboard.php - Case ID: CASE_1052E6025157ACB4, Progress: resolved
[18-May-2025 17:08:41 Europe/Berlin] agency-dashboard.php - Case ID: CASE_B43E0B22F6CE3B64, Progress: not seen
[18-May-2025 17:08:41 Europe/Berlin] agency-dashboard.php - Case ID: CASE_659622CD43D1F07A, Progress: not seen
[18-May-2025 17:08:41 Europe/Berlin] agency-dashboard.php - Case ID: CASE_A91302C237C8F91F, Progress: not seen
[18-May-2025 17:08:41 Europe/Berlin] agency-dashboard.php - Case ID: CASE_1052E6025157ACB4, Progress: resolved
[18-May-2025 17:08:41 Europe/Berlin] agency-dashboard.php - Case ID: CASE_B43E0B22F6CE3B64, Progress: not seen
[18-May-2025 17:08:41 Europe/Berlin] agency-dashboard.php - Case ID: CASE_659622CD43D1F07A, Progress: not seen
[18-May-2025 17:08:41 Europe/Berlin] agency-dashboard.php - Case ID: CASE_A91302C237C8F91F, Progress: not seen
[18-May-2025 17:22:48 Europe/Berlin] agency-dashboard.php - Case ID: CASE_1052E6025157ACB4, Progress: resolved
[18-May-2025 17:22:48 Europe/Berlin] agency-dashboard.php - Case ID: CASE_B43E0B22F6CE3B64, Progress: not seen
[18-May-2025 17:22:48 Europe/Berlin] agency-dashboard.php - Case ID: CASE_659622CD43D1F07A, Progress: not seen
[18-May-2025 17:22:48 Europe/Berlin] agency-dashboard.php - Case ID: CASE_A91302C237C8F91F, Progress: not seen
[18-May-2025 17:22:48 Europe/Berlin] agency-dashboard.php - Case ID: CASE_1052E6025157ACB4, Progress: resolved
[18-May-2025 17:22:48 Europe/Berlin] agency-dashboard.php - Case ID: CASE_B43E0B22F6CE3B64, Progress: not seen
[18-May-2025 17:22:48 Europe/Berlin] agency-dashboard.php - Case ID: CASE_659622CD43D1F07A, Progress: not seen
[18-May-2025 17:22:48 Europe/Berlin] agency-dashboard.php - Case ID: CASE_A91302C237C8F91F, Progress: not seen
[18-May-2025 17:22:58 Europe/Berlin] agency-dashboard.php - Case ID: CASE_1052E6025157ACB4, Progress: resolved
[18-May-2025 17:22:58 Europe/Berlin] agency-dashboard.php - Case ID: CASE_B43E0B22F6CE3B64, Progress: not seen
[18-May-2025 17:22:58 Europe/Berlin] agency-dashboard.php - Case ID: CASE_659622CD43D1F07A, Progress: not seen
[18-May-2025 17:22:58 Europe/Berlin] agency-dashboard.php - Case ID: CASE_A91302C237C8F91F, Progress: not seen
[18-May-2025 17:22:58 Europe/Berlin] agency-dashboard.php - Case ID: CASE_1052E6025157ACB4, Progress: resolved
[18-May-2025 17:22:58 Europe/Berlin] agency-dashboard.php - Case ID: CASE_B43E0B22F6CE3B64, Progress: not seen
[18-May-2025 17:22:58 Europe/Berlin] agency-dashboard.php - Case ID: CASE_659622CD43D1F07A, Progress: not seen
[18-May-2025 17:22:58 Europe/Berlin] agency-dashboard.php - Case ID: CASE_A91302C237C8F91F, Progress: not seen
[18-May-2025 17:23:21 Europe/Berlin] agency-dashboard.php - Case ID: CASE_1052E6025157ACB4, Progress: resolved
[18-May-2025 17:23:21 Europe/Berlin] agency-dashboard.php - Case ID: CASE_B43E0B22F6CE3B64, Progress: not seen
[18-May-2025 17:23:21 Europe/Berlin] agency-dashboard.php - Case ID: CASE_659622CD43D1F07A, Progress: not seen
[18-May-2025 17:23:21 Europe/Berlin] agency-dashboard.php - Case ID: CASE_A91302C237C8F91F, Progress: not seen
[18-May-2025 17:23:22 Europe/Berlin] agency-dashboard.php - Case ID: CASE_1052E6025157ACB4, Progress: resolved
[18-May-2025 17:23:22 Europe/Berlin] agency-dashboard.php - Case ID: CASE_B43E0B22F6CE3B64, Progress: not seen
[18-May-2025 17:23:22 Europe/Berlin] agency-dashboard.php - Case ID: CASE_659622CD43D1F07A, Progress: not seen
[18-May-2025 17:23:22 Europe/Berlin] agency-dashboard.php - Case ID: CASE_A91302C237C8F91F, Progress: not seen
[18-May-2025 17:24:20 Europe/Berlin] agency-dashboard.php - Case ID: CASE_1052E6025157ACB4, Progress: resolved
[18-May-2025 17:24:20 Europe/Berlin] agency-dashboard.php - Case ID: CASE_B43E0B22F6CE3B64, Progress: not seen
[18-May-2025 17:24:20 Europe/Berlin] agency-dashboard.php - Case ID: CASE_659622CD43D1F07A, Progress: not seen
[18-May-2025 17:24:20 Europe/Berlin] agency-dashboard.php - Case ID: CASE_A91302C237C8F91F, Progress: not seen
[18-May-2025 17:24:20 Europe/Berlin] agency-dashboard.php - Case ID: CASE_1052E6025157ACB4, Progress: resolved
[18-May-2025 17:24:20 Europe/Berlin] agency-dashboard.php - Case ID: CASE_B43E0B22F6CE3B64, Progress: not seen
[18-May-2025 17:24:20 Europe/Berlin] agency-dashboard.php - Case ID: CASE_659622CD43D1F07A, Progress: not seen
[18-May-2025 17:24:20 Europe/Berlin] agency-dashboard.php - Case ID: CASE_A91302C237C8F91F, Progress: not seen
[18-May-2025 17:25:32 Europe/Berlin] agency-dashboard.php - Case ID: CASE_1052E6025157ACB4, Progress: resolved
[18-May-2025 17:25:32 Europe/Berlin] agency-dashboard.php - Case ID: CASE_B43E0B22F6CE3B64, Progress: not seen
[18-May-2025 17:25:32 Europe/Berlin] agency-dashboard.php - Case ID: CASE_659622CD43D1F07A, Progress: not seen
[18-May-2025 17:25:32 Europe/Berlin] agency-dashboard.php - Case ID: CASE_A91302C237C8F91F, Progress: not seen
[18-May-2025 17:25:32 Europe/Berlin] agency-dashboard.php - Case ID: CASE_1052E6025157ACB4, Progress: resolved
[18-May-2025 17:25:32 Europe/Berlin] agency-dashboard.php - Case ID: CASE_B43E0B22F6CE3B64, Progress: not seen
[18-May-2025 17:25:32 Europe/Berlin] agency-dashboard.php - Case ID: CASE_659622CD43D1F07A, Progress: not seen
[18-May-2025 17:25:32 Europe/Berlin] agency-dashboard.php - Case ID: CASE_A91302C237C8F91F, Progress: not seen
[18-May-2025 17:25:41 Europe/Berlin] agency-dashboard.php - Case ID: CASE_1052E6025157ACB4, Progress: resolved
[18-May-2025 17:25:41 Europe/Berlin] agency-dashboard.php - Case ID: CASE_B43E0B22F6CE3B64, Progress: not seen
[18-May-2025 17:25:41 Europe/Berlin] agency-dashboard.php - Case ID: CASE_659622CD43D1F07A, Progress: not seen
[18-May-2025 17:25:41 Europe/Berlin] agency-dashboard.php - Case ID: CASE_A91302C237C8F91F, Progress: not seen
[18-May-2025 17:25:41 Europe/Berlin] agency-dashboard.php - Case ID: CASE_1052E6025157ACB4, Progress: resolved
[18-May-2025 17:25:41 Europe/Berlin] agency-dashboard.php - Case ID: CASE_B43E0B22F6CE3B64, Progress: not seen
[18-May-2025 17:25:41 Europe/Berlin] agency-dashboard.php - Case ID: CASE_659622CD43D1F07A, Progress: not seen
[18-May-2025 17:25:41 Europe/Berlin] agency-dashboard.php - Case ID: CASE_A91302C237C8F91F, Progress: not seen
[18-May-2025 17:31:24 Europe/Berlin] agency-dashboard.php - Case ID: CASE_1052E6025157ACB4, Progress: resolved
[18-May-2025 17:31:24 Europe/Berlin] agency-dashboard.php - Case ID: CASE_B43E0B22F6CE3B64, Progress: not seen
[18-May-2025 17:31:24 Europe/Berlin] agency-dashboard.php - Case ID: CASE_659622CD43D1F07A, Progress: not seen
[18-May-2025 17:31:24 Europe/Berlin] agency-dashboard.php - Case ID: CASE_A91302C237C8F91F, Progress: not seen
[18-May-2025 17:31:24 Europe/Berlin] agency-dashboard.php - Case ID: CASE_1052E6025157ACB4, Progress: resolved
[18-May-2025 17:31:24 Europe/Berlin] agency-dashboard.php - Case ID: CASE_B43E0B22F6CE3B64, Progress: not seen
[18-May-2025 17:31:24 Europe/Berlin] agency-dashboard.php - Case ID: CASE_659622CD43D1F07A, Progress: not seen
[18-May-2025 17:31:24 Europe/Berlin] agency-dashboard.php - Case ID: CASE_A91302C237C8F91F, Progress: not seen
[18-May-2025 17:33:32 Europe/Berlin] agency-dashboard.php - Case ID: CASE_1052E6025157ACB4, Progress: resolved
[18-May-2025 17:33:32 Europe/Berlin] agency-dashboard.php - Case ID: CASE_B43E0B22F6CE3B64, Progress: not seen
[18-May-2025 17:33:32 Europe/Berlin] agency-dashboard.php - Case ID: CASE_659622CD43D1F07A, Progress: not seen
[18-May-2025 17:33:32 Europe/Berlin] agency-dashboard.php - Case ID: CASE_A91302C237C8F91F, Progress: not seen
[18-May-2025 17:33:32 Europe/Berlin] agency-dashboard.php - Case ID: CASE_1052E6025157ACB4, Progress: resolved
[18-May-2025 17:33:32 Europe/Berlin] agency-dashboard.php - Case ID: CASE_B43E0B22F6CE3B64, Progress: not seen
[18-May-2025 17:33:32 Europe/Berlin] agency-dashboard.php - Case ID: CASE_659622CD43D1F07A, Progress: not seen
[18-May-2025 17:33:32 Europe/Berlin] agency-dashboard.php - Case ID: CASE_A91302C237C8F91F, Progress: not seen
[18-May-2025 17:34:28 Europe/Berlin] agency-dashboard.php - Case ID: CASE_1052E6025157ACB4, Progress: resolved
[18-May-2025 17:34:28 Europe/Berlin] agency-dashboard.php - Case ID: CASE_B43E0B22F6CE3B64, Progress: not seen
[18-May-2025 17:34:28 Europe/Berlin] agency-dashboard.php - Case ID: CASE_659622CD43D1F07A, Progress: not seen
[18-May-2025 17:34:28 Europe/Berlin] agency-dashboard.php - Case ID: CASE_A91302C237C8F91F, Progress: not seen
[18-May-2025 17:34:28 Europe/Berlin] agency-dashboard.php - Case ID: CASE_1052E6025157ACB4, Progress: resolved
[18-May-2025 17:34:28 Europe/Berlin] agency-dashboard.php - Case ID: CASE_B43E0B22F6CE3B64, Progress: not seen
[18-May-2025 17:34:28 Europe/Berlin] agency-dashboard.php - Case ID: CASE_659622CD43D1F07A, Progress: not seen
[18-May-2025 17:34:28 Europe/Berlin] agency-dashboard.php - Case ID: CASE_A91302C237C8F91F, Progress: not seen
[18-May-2025 17:36:03 Europe/Berlin] agency-dashboard.php - Case ID: CASE_1052E6025157ACB4, Progress: resolved
[18-May-2025 17:36:03 Europe/Berlin] agency-dashboard.php - Case ID: CASE_B43E0B22F6CE3B64, Progress: not seen
[18-May-2025 17:36:03 Europe/Berlin] agency-dashboard.php - Case ID: CASE_659622CD43D1F07A, Progress: not seen
[18-May-2025 17:36:03 Europe/Berlin] agency-dashboard.php - Case ID: CASE_A91302C237C8F91F, Progress: not seen
[18-May-2025 17:36:03 Europe/Berlin] agency-dashboard.php - Case ID: CASE_1052E6025157ACB4, Progress: resolved
[18-May-2025 17:36:03 Europe/Berlin] agency-dashboard.php - Case ID: CASE_B43E0B22F6CE3B64, Progress: not seen
[18-May-2025 17:36:03 Europe/Berlin] agency-dashboard.php - Case ID: CASE_659622CD43D1F07A, Progress: not seen
[18-May-2025 17:36:03 Europe/Berlin] agency-dashboard.php - Case ID: CASE_A91302C237C8F91F, Progress: not seen
[18-May-2025 17:36:08 Europe/Berlin] agency-dashboard.php - Case ID: CASE_1052E6025157ACB4, Progress: resolved
[18-May-2025 17:36:08 Europe/Berlin] agency-dashboard.php - Case ID: CASE_B43E0B22F6CE3B64, Progress: not seen
[18-May-2025 17:36:08 Europe/Berlin] agency-dashboard.php - Case ID: CASE_659622CD43D1F07A, Progress: not seen
[18-May-2025 17:36:08 Europe/Berlin] agency-dashboard.php - Case ID: CASE_A91302C237C8F91F, Progress: not seen
[18-May-2025 17:36:08 Europe/Berlin] agency-dashboard.php - Case ID: CASE_1052E6025157ACB4, Progress: resolved
[18-May-2025 17:36:08 Europe/Berlin] agency-dashboard.php - Case ID: CASE_B43E0B22F6CE3B64, Progress: not seen
[18-May-2025 17:36:08 Europe/Berlin] agency-dashboard.php - Case ID: CASE_659622CD43D1F07A, Progress: not seen
[18-May-2025 17:36:08 Europe/Berlin] agency-dashboard.php - Case ID: CASE_A91302C237C8F91F, Progress: not seen
[18-May-2025 17:37:23 Europe/Berlin] agency-dashboard.php - Case ID: CASE_1052E6025157ACB4, Progress: resolved
[18-May-2025 17:37:23 Europe/Berlin] agency-dashboard.php - Case ID: CASE_B43E0B22F6CE3B64, Progress: not seen
[18-May-2025 17:37:23 Europe/Berlin] agency-dashboard.php - Case ID: CASE_659622CD43D1F07A, Progress: not seen
[18-May-2025 17:37:23 Europe/Berlin] agency-dashboard.php - Case ID: CASE_A91302C237C8F91F, Progress: not seen
[18-May-2025 17:37:23 Europe/Berlin] agency-dashboard.php - Case ID: CASE_1052E6025157ACB4, Progress: resolved
[18-May-2025 17:37:23 Europe/Berlin] agency-dashboard.php - Case ID: CASE_B43E0B22F6CE3B64, Progress: not seen
[18-May-2025 17:37:23 Europe/Berlin] agency-dashboard.php - Case ID: CASE_659622CD43D1F07A, Progress: not seen
[18-May-2025 17:37:23 Europe/Berlin] agency-dashboard.php - Case ID: CASE_A91302C237C8F91F, Progress: not seen
[18-May-2025 17:37:29 Europe/Berlin] agency-dashboard.php - Case ID: CASE_1052E6025157ACB4, Progress: resolved
[18-May-2025 17:37:29 Europe/Berlin] agency-dashboard.php - Case ID: CASE_B43E0B22F6CE3B64, Progress: not seen
[18-May-2025 17:37:29 Europe/Berlin] agency-dashboard.php - Case ID: CASE_659622CD43D1F07A, Progress: not seen
[18-May-2025 17:37:29 Europe/Berlin] agency-dashboard.php - Case ID: CASE_A91302C237C8F91F, Progress: not seen
[18-May-2025 17:37:29 Europe/Berlin] agency-dashboard.php - Case ID: CASE_1052E6025157ACB4, Progress: resolved
[18-May-2025 17:37:29 Europe/Berlin] agency-dashboard.php - Case ID: CASE_B43E0B22F6CE3B64, Progress: not seen
[18-May-2025 17:37:29 Europe/Berlin] agency-dashboard.php - Case ID: CASE_659622CD43D1F07A, Progress: not seen
[18-May-2025 17:37:29 Europe/Berlin] agency-dashboard.php - Case ID: CASE_A91302C237C8F91F, Progress: not seen
[18-May-2025 17:42:00 Europe/Berlin] agency-dashboard.php - Case ID: CASE_1052E6025157ACB4, Progress: resolved
[18-May-2025 17:42:00 Europe/Berlin] agency-dashboard.php - Case ID: CASE_B43E0B22F6CE3B64, Progress: not seen
[18-May-2025 17:42:00 Europe/Berlin] agency-dashboard.php - Case ID: CASE_659622CD43D1F07A, Progress: not seen
[18-May-2025 17:42:00 Europe/Berlin] agency-dashboard.php - Case ID: CASE_1052E6025157ACB4, Progress: resolved
[18-May-2025 17:42:00 Europe/Berlin] agency-dashboard.php - Case ID: CASE_A91302C237C8F91F, Progress: not seen
[18-May-2025 17:42:00 Europe/Berlin] agency-dashboard.php - Case ID: CASE_B43E0B22F6CE3B64, Progress: not seen
[18-May-2025 17:42:00 Europe/Berlin] agency-dashboard.php - Case ID: CASE_659622CD43D1F07A, Progress: not seen
[18-May-2025 17:42:00 Europe/Berlin] agency-dashboard.php - Case ID: CASE_A91302C237C8F91F, Progress: not seen
[18-May-2025 17:43:46 Europe/Berlin] agency-dashboard.php - Case ID: CASE_1052E6025157ACB4, Progress: resolved
[18-May-2025 17:43:46 Europe/Berlin] agency-dashboard.php - Case ID: CASE_B43E0B22F6CE3B64, Progress: not seen
[18-May-2025 17:43:46 Europe/Berlin] agency-dashboard.php - Case ID: CASE_659622CD43D1F07A, Progress: not seen
[18-May-2025 17:43:46 Europe/Berlin] agency-dashboard.php - Case ID: CASE_A91302C237C8F91F, Progress: not seen
[18-May-2025 17:43:46 Europe/Berlin] agency-dashboard.php - Case ID: CASE_1052E6025157ACB4, Progress: resolved
[18-May-2025 17:43:46 Europe/Berlin] agency-dashboard.php - Case ID: CASE_B43E0B22F6CE3B64, Progress: not seen
[18-May-2025 17:43:46 Europe/Berlin] agency-dashboard.php - Case ID: CASE_659622CD43D1F07A, Progress: not seen
[18-May-2025 17:43:46 Europe/Berlin] agency-dashboard.php - Case ID: CASE_A91302C237C8F91F, Progress: not seen
[18-May-2025 17:44:08 Europe/Berlin] agency-dashboard.php - Case ID: CASE_1052E6025157ACB4, Progress: resolved
[18-May-2025 17:44:08 Europe/Berlin] agency-dashboard.php - Case ID: CASE_B43E0B22F6CE3B64, Progress: not seen
[18-May-2025 17:44:08 Europe/Berlin] agency-dashboard.php - Case ID: CASE_659622CD43D1F07A, Progress: not seen
[18-May-2025 17:44:08 Europe/Berlin] agency-dashboard.php - Case ID: CASE_A91302C237C8F91F, Progress: not seen
[18-May-2025 17:44:08 Europe/Berlin] agency-dashboard.php - Case ID: CASE_1052E6025157ACB4, Progress: resolved
[18-May-2025 17:44:08 Europe/Berlin] agency-dashboard.php - Case ID: CASE_B43E0B22F6CE3B64, Progress: not seen
[18-May-2025 17:44:08 Europe/Berlin] agency-dashboard.php - Case ID: CASE_659622CD43D1F07A, Progress: not seen
[18-May-2025 17:44:08 Europe/Berlin] agency-dashboard.php - Case ID: CASE_A91302C237C8F91F, Progress: not seen
[18-May-2025 17:44:14 Europe/Berlin] agency-dashboard.php - Case ID: CASE_1052E6025157ACB4, Progress: resolved
[18-May-2025 17:44:14 Europe/Berlin] agency-dashboard.php - Case ID: CASE_B43E0B22F6CE3B64, Progress: not seen
[18-May-2025 17:44:14 Europe/Berlin] agency-dashboard.php - Case ID: CASE_659622CD43D1F07A, Progress: not seen
[18-May-2025 17:44:14 Europe/Berlin] agency-dashboard.php - Case ID: CASE_A91302C237C8F91F, Progress: not seen
[18-May-2025 17:44:14 Europe/Berlin] agency-dashboard.php - Case ID: CASE_1052E6025157ACB4, Progress: resolved
[18-May-2025 17:44:14 Europe/Berlin] agency-dashboard.php - Case ID: CASE_B43E0B22F6CE3B64, Progress: not seen
[18-May-2025 17:44:14 Europe/Berlin] agency-dashboard.php - Case ID: CASE_659622CD43D1F07A, Progress: not seen
[18-May-2025 17:44:14 Europe/Berlin] agency-dashboard.php - Case ID: CASE_A91302C237C8F91F, Progress: not seen
[18-May-2025 17:44:44 Europe/Berlin] agency-dashboard.php - Case ID: CASE_1052E6025157ACB4, Progress: resolved
[18-May-2025 17:44:44 Europe/Berlin] agency-dashboard.php - Case ID: CASE_B43E0B22F6CE3B64, Progress: not seen
[18-May-2025 17:44:44 Europe/Berlin] agency-dashboard.php - Case ID: CASE_659622CD43D1F07A, Progress: not seen
[18-May-2025 17:44:44 Europe/Berlin] agency-dashboard.php - Case ID: CASE_A91302C237C8F91F, Progress: not seen
[18-May-2025 17:44:44 Europe/Berlin] agency-dashboard.php - Case ID: CASE_1052E6025157ACB4, Progress: resolved
[18-May-2025 17:44:44 Europe/Berlin] agency-dashboard.php - Case ID: CASE_B43E0B22F6CE3B64, Progress: not seen
[18-May-2025 17:44:44 Europe/Berlin] agency-dashboard.php - Case ID: CASE_659622CD43D1F07A, Progress: not seen
[18-May-2025 17:44:44 Europe/Berlin] agency-dashboard.php - Case ID: CASE_A91302C237C8F91F, Progress: not seen
[18-May-2025 17:52:18 Europe/Berlin] agency-dashboard.php - Case ID: CASE_1052E6025157ACB4, Progress: resolved
[18-May-2025 17:52:18 Europe/Berlin] agency-dashboard.php - Case ID: CASE_B43E0B22F6CE3B64, Progress: not seen
[18-May-2025 17:52:18 Europe/Berlin] agency-dashboard.php - Case ID: CASE_659622CD43D1F07A, Progress: not seen
[18-May-2025 17:52:18 Europe/Berlin] agency-dashboard.php - Case ID: CASE_A91302C237C8F91F, Progress: not seen
[18-May-2025 17:52:18 Europe/Berlin] agency-dashboard.php - Case ID: CASE_1052E6025157ACB4, Progress: resolved
[18-May-2025 17:52:18 Europe/Berlin] agency-dashboard.php - Case ID: CASE_B43E0B22F6CE3B64, Progress: not seen
[18-May-2025 17:52:18 Europe/Berlin] agency-dashboard.php - Case ID: CASE_659622CD43D1F07A, Progress: not seen
[18-May-2025 17:52:18 Europe/Berlin] agency-dashboard.php - Case ID: CASE_A91302C237C8F91F, Progress: not seen
[18-May-2025 18:00:08 Europe/Berlin] agency-dashboard.php - Case ID: CASE_1052E6025157ACB4, Progress: resolved
[18-May-2025 18:00:08 Europe/Berlin] agency-dashboard.php - Case ID: CASE_B43E0B22F6CE3B64, Progress: not seen
[18-May-2025 18:00:08 Europe/Berlin] agency-dashboard.php - Case ID: CASE_659622CD43D1F07A, Progress: not seen
[18-May-2025 18:00:08 Europe/Berlin] agency-dashboard.php - Case ID: CASE_A91302C237C8F91F, Progress: not seen
[18-May-2025 18:00:08 Europe/Berlin] agency-dashboard.php - Case ID: CASE_1052E6025157ACB4, Progress: resolved
[18-May-2025 18:00:08 Europe/Berlin] agency-dashboard.php - Case ID: CASE_B43E0B22F6CE3B64, Progress: not seen
[18-May-2025 18:00:08 Europe/Berlin] agency-dashboard.php - Case ID: CASE_659622CD43D1F07A, Progress: not seen
[18-May-2025 18:00:08 Europe/Berlin] agency-dashboard.php - Case ID: CASE_A91302C237C8F91F, Progress: not seen
[18-May-2025 18:01:53 Europe/Berlin] agency-dashboard.php - Case ID: CASE_1052E6025157ACB4, Progress: resolved
[18-May-2025 18:01:53 Europe/Berlin] agency-dashboard.php - Case ID: CASE_B43E0B22F6CE3B64, Progress: not seen
[18-May-2025 18:01:53 Europe/Berlin] agency-dashboard.php - Case ID: CASE_659622CD43D1F07A, Progress: not seen
[18-May-2025 18:01:53 Europe/Berlin] agency-dashboard.php - Case ID: CASE_A91302C237C8F91F, Progress: not seen
[18-May-2025 18:01:53 Europe/Berlin] agency-dashboard.php - Case ID: CASE_1052E6025157ACB4, Progress: resolved
[18-May-2025 18:01:53 Europe/Berlin] agency-dashboard.php - Case ID: CASE_B43E0B22F6CE3B64, Progress: not seen
[18-May-2025 18:01:53 Europe/Berlin] agency-dashboard.php - Case ID: CASE_659622CD43D1F07A, Progress: not seen
[18-May-2025 18:01:53 Europe/Berlin] agency-dashboard.php - Case ID: CASE_A91302C237C8F91F, Progress: not seen
[18-May-2025 18:03:04 Europe/Berlin] agency-dashboard.php - Case ID: CASE_1052E6025157ACB4, Progress: resolved
[18-May-2025 18:03:04 Europe/Berlin] agency-dashboard.php - Case ID: CASE_B43E0B22F6CE3B64, Progress: not seen
[18-May-2025 18:03:04 Europe/Berlin] agency-dashboard.php - Case ID: CASE_659622CD43D1F07A, Progress: not seen
[18-May-2025 18:03:04 Europe/Berlin] agency-dashboard.php - Case ID: CASE_A91302C237C8F91F, Progress: not seen
[18-May-2025 18:03:04 Europe/Berlin] agency-dashboard.php - Case ID: CASE_1052E6025157ACB4, Progress: resolved
[18-May-2025 18:03:04 Europe/Berlin] agency-dashboard.php - Case ID: CASE_B43E0B22F6CE3B64, Progress: not seen
[18-May-2025 18:03:04 Europe/Berlin] agency-dashboard.php - Case ID: CASE_659622CD43D1F07A, Progress: not seen
[18-May-2025 18:03:04 Europe/Berlin] agency-dashboard.php - Case ID: CASE_A91302C237C8F91F, Progress: not seen
[2025-05-18 18:03:07] API Error: No complaint found with case_id: 2
[18-May-2025 18:03:23 Europe/Berlin] agency-dashboard.php - Case ID: CASE_1052E6025157ACB4, Progress: resolved
[18-May-2025 18:03:23 Europe/Berlin] agency-dashboard.php - Case ID: CASE_B43E0B22F6CE3B64, Progress: not seen
[18-May-2025 18:03:23 Europe/Berlin] agency-dashboard.php - Case ID: CASE_659622CD43D1F07A, Progress: not seen
[18-May-2025 18:03:23 Europe/Berlin] agency-dashboard.php - Case ID: CASE_A91302C237C8F91F, Progress: not seen
[18-May-2025 18:03:24 Europe/Berlin] agency-dashboard.php - Case ID: CASE_1052E6025157ACB4, Progress: resolved
[18-May-2025 18:03:24 Europe/Berlin] agency-dashboard.php - Case ID: CASE_B43E0B22F6CE3B64, Progress: not seen
[18-May-2025 18:03:24 Europe/Berlin] agency-dashboard.php - Case ID: CASE_659622CD43D1F07A, Progress: not seen
[18-May-2025 18:03:24 Europe/Berlin] agency-dashboard.php - Case ID: CASE_A91302C237C8F91F, Progress: not seen
[2025-05-18 18:03:43] API Error: No complaint found with case_id: 2
[18-May-2025 18:09:21 Europe/Berlin] agency-dashboard.php - Case ID: CASE_1052E6025157ACB4, Progress: resolved
[18-May-2025 18:09:21 Europe/Berlin] agency-dashboard.php - Case ID: CASE_B43E0B22F6CE3B64, Progress: not seen
[18-May-2025 18:09:21 Europe/Berlin] agency-dashboard.php - Case ID: CASE_659622CD43D1F07A, Progress: not seen
[18-May-2025 18:09:21 Europe/Berlin] agency-dashboard.php - Case ID: CASE_A91302C237C8F91F, Progress: not seen
[18-May-2025 18:09:21 Europe/Berlin] agency-dashboard.php - Case ID: CASE_1052E6025157ACB4, Progress: resolved
[18-May-2025 18:09:21 Europe/Berlin] agency-dashboard.php - Case ID: CASE_B43E0B22F6CE3B64, Progress: not seen
[18-May-2025 18:09:21 Europe/Berlin] agency-dashboard.php - Case ID: CASE_659622CD43D1F07A, Progress: not seen
[18-May-2025 18:09:21 Europe/Berlin] agency-dashboard.php - Case ID: CASE_A91302C237C8F91F, Progress: not seen
[2025-05-18 18:09:31] API Error: No complaint found with case_id: CASE_B43E0B22F6CE3B64
[2025-05-18 18:09:48] API Error: Invalid request method
[2025-05-18 18:14:58] API Error: Missing case_id
[18-May-2025 18:16:18 Europe/Berlin] agency-dashboard.php - Case ID: CASE_1052E6025157ACB4, Progress: resolved
[18-May-2025 18:16:18 Europe/Berlin] agency-dashboard.php - Case ID: CASE_B43E0B22F6CE3B64, Progress: in process
[18-May-2025 18:16:18 Europe/Berlin] agency-dashboard.php - Case ID: CASE_659622CD43D1F07A, Progress: not seen
[18-May-2025 18:16:18 Europe/Berlin] agency-dashboard.php - Case ID: CASE_A91302C237C8F91F, Progress: not seen
[18-May-2025 18:16:18 Europe/Berlin] agency-dashboard.php - Case ID: CASE_1052E6025157ACB4, Progress: resolved
[18-May-2025 18:16:18 Europe/Berlin] agency-dashboard.php - Case ID: CASE_B43E0B22F6CE3B64, Progress: in process
[18-May-2025 18:16:18 Europe/Berlin] agency-dashboard.php - Case ID: CASE_659622CD43D1F07A, Progress: not seen
[18-May-2025 18:16:18 Europe/Berlin] agency-dashboard.php - Case ID: CASE_A91302C237C8F91F, Progress: not seen
[2025-05-18 18:16:31] API Error: No complaint found with case_id: CASE_B43E0B22F6CE3B64
[18-May-2025 18:16:45 Europe/Berlin] agency-dashboard.php - Case ID: CASE_1052E6025157ACB4, Progress: resolved
[18-May-2025 18:16:45 Europe/Berlin] agency-dashboard.php - Case ID: CASE_B43E0B22F6CE3B64, Progress: in process
[18-May-2025 18:16:45 Europe/Berlin] agency-dashboard.php - Case ID: CASE_659622CD43D1F07A, Progress: not seen
[18-May-2025 18:16:45 Europe/Berlin] agency-dashboard.php - Case ID: CASE_A91302C237C8F91F, Progress: not seen
[18-May-2025 18:16:45 Europe/Berlin] agency-dashboard.php - Case ID: CASE_1052E6025157ACB4, Progress: resolved
[18-May-2025 18:16:45 Europe/Berlin] agency-dashboard.php - Case ID: CASE_B43E0B22F6CE3B64, Progress: in process
[18-May-2025 18:16:45 Europe/Berlin] agency-dashboard.php - Case ID: CASE_659622CD43D1F07A, Progress: not seen
[18-May-2025 18:16:45 Europe/Berlin] agency-dashboard.php - Case ID: CASE_A91302C237C8F91F, Progress: not seen
[2025-05-18 18:16:51] API Error: No complaint found with case_id: CASE_1052E6025157ACB4
[18-May-2025 18:16:53 Europe/Berlin] agency-dashboard.php - Case ID: CASE_1052E6025157ACB4, Progress: in process
[18-May-2025 18:16:53 Europe/Berlin] agency-dashboard.php - Case ID: CASE_B43E0B22F6CE3B64, Progress: in process
[18-May-2025 18:16:53 Europe/Berlin] agency-dashboard.php - Case ID: CASE_659622CD43D1F07A, Progress: not seen
[18-May-2025 18:16:53 Europe/Berlin] agency-dashboard.php - Case ID: CASE_A91302C237C8F91F, Progress: not seen
[18-May-2025 18:16:53 Europe/Berlin] agency-dashboard.php - Case ID: CASE_1052E6025157ACB4, Progress: in process
[18-May-2025 18:16:53 Europe/Berlin] agency-dashboard.php - Case ID: CASE_B43E0B22F6CE3B64, Progress: in process
[18-May-2025 18:16:53 Europe/Berlin] agency-dashboard.php - Case ID: CASE_659622CD43D1F07A, Progress: not seen
[18-May-2025 18:16:53 Europe/Berlin] agency-dashboard.php - Case ID: CASE_A91302C237C8F91F, Progress: not seen
[18-May-2025 18:21:37 Europe/Berlin] agency-dashboard.php - Case ID: CASE_1052E6025157ACB4, Progress: in process
[18-May-2025 18:21:37 Europe/Berlin] agency-dashboard.php - Case ID: CASE_B43E0B22F6CE3B64, Progress: in process
[18-May-2025 18:21:37 Europe/Berlin] agency-dashboard.php - Case ID: CASE_659622CD43D1F07A, Progress: not seen
[18-May-2025 18:21:37 Europe/Berlin] agency-dashboard.php - Case ID: CASE_A91302C237C8F91F, Progress: not seen
[18-May-2025 18:21:37 Europe/Berlin] agency-dashboard.php - Case ID: CASE_1052E6025157ACB4, Progress: in process
[18-May-2025 18:21:37 Europe/Berlin] agency-dashboard.php - Case ID: CASE_B43E0B22F6CE3B64, Progress: in process
[18-May-2025 18:21:37 Europe/Berlin] agency-dashboard.php - Case ID: CASE_659622CD43D1F07A, Progress: not seen
[18-May-2025 18:21:37 Europe/Berlin] agency-dashboard.php - Case ID: CASE_A91302C237C8F91F, Progress: not seen
[18-May-2025 18:22:05 Europe/Berlin] agency-dashboard.php - Case ID: CASE_1052E6025157ACB4, Progress: in process
[18-May-2025 18:22:05 Europe/Berlin] agency-dashboard.php - Case ID: CASE_B43E0B22F6CE3B64, Progress: in process
[18-May-2025 18:22:05 Europe/Berlin] agency-dashboard.php - Case ID: CASE_659622CD43D1F07A, Progress: not seen
[18-May-2025 18:22:05 Europe/Berlin] agency-dashboard.php - Case ID: CASE_A91302C237C8F91F, Progress: not seen
[18-May-2025 18:22:05 Europe/Berlin] agency-dashboard.php - Case ID: CASE_1052E6025157ACB4, Progress: in process
[18-May-2025 18:22:05 Europe/Berlin] agency-dashboard.php - Case ID: CASE_B43E0B22F6CE3B64, Progress: in process
[18-May-2025 18:22:05 Europe/Berlin] agency-dashboard.php - Case ID: CASE_659622CD43D1F07A, Progress: not seen
[18-May-2025 18:22:05 Europe/Berlin] agency-dashboard.php - Case ID: CASE_A91302C237C8F91F, Progress: not seen
[18-May-2025 18:22:11 Europe/Berlin] agency-dashboard.php - Case ID: CASE_1052E6025157ACB4, Progress: in process
[18-May-2025 18:22:11 Europe/Berlin] agency-dashboard.php - Case ID: CASE_B43E0B22F6CE3B64, Progress: in process
[18-May-2025 18:22:11 Europe/Berlin] agency-dashboard.php - Case ID: CASE_659622CD43D1F07A, Progress: not seen
[18-May-2025 18:22:11 Europe/Berlin] agency-dashboard.php - Case ID: CASE_A91302C237C8F91F, Progress: not seen
[18-May-2025 18:22:11 Europe/Berlin] agency-dashboard.php - Case ID: CASE_1052E6025157ACB4, Progress: in process
[18-May-2025 18:22:11 Europe/Berlin] agency-dashboard.php - Case ID: CASE_B43E0B22F6CE3B64, Progress: in process
[18-May-2025 18:22:11 Europe/Berlin] agency-dashboard.php - Case ID: CASE_659622CD43D1F07A, Progress: not seen
[18-May-2025 18:22:11 Europe/Berlin] agency-dashboard.php - Case ID: CASE_A91302C237C8F91F, Progress: not seen
[18-May-2025 18:44:51 Europe/Berlin] agency-dashboard.php - Case ID: CASE_1052E6025157ACB4, Progress: in process
[18-May-2025 18:44:51 Europe/Berlin] agency-dashboard.php - Case ID: CASE_B43E0B22F6CE3B64, Progress: in process
[18-May-2025 18:44:51 Europe/Berlin] agency-dashboard.php - Case ID: CASE_659622CD43D1F07A, Progress: not seen
[18-May-2025 18:44:51 Europe/Berlin] agency-dashboard.php - Case ID: CASE_A91302C237C8F91F, Progress: not seen
[18-May-2025 18:44:51 Europe/Berlin] agency-dashboard.php - Case ID: CASE_1052E6025157ACB4, Progress: in process
[18-May-2025 18:44:51 Europe/Berlin] agency-dashboard.php - Case ID: CASE_B43E0B22F6CE3B64, Progress: in process
[18-May-2025 18:44:51 Europe/Berlin] agency-dashboard.php - Case ID: CASE_659622CD43D1F07A, Progress: not seen
[18-May-2025 18:44:51 Europe/Berlin] agency-dashboard.php - Case ID: CASE_A91302C237C8F91F, Progress: not seen
[18-May-2025 18:45:22 Europe/Berlin] agency-dashboard.php - Case ID: CASE_1052E6025157ACB4, Progress: in process
[18-May-2025 18:45:22 Europe/Berlin] agency-dashboard.php - Case ID: CASE_B43E0B22F6CE3B64, Progress: in process
[18-May-2025 18:45:22 Europe/Berlin] agency-dashboard.php - Case ID: CASE_659622CD43D1F07A, Progress: not seen
[18-May-2025 18:45:22 Europe/Berlin] agency-dashboard.php - Case ID: CASE_A91302C237C8F91F, Progress: not seen
[18-May-2025 18:45:22 Europe/Berlin] agency-dashboard.php - Case ID: CASE_1052E6025157ACB4, Progress: in process
[18-May-2025 18:45:22 Europe/Berlin] agency-dashboard.php - Case ID: CASE_B43E0B22F6CE3B64, Progress: in process
[18-May-2025 18:45:22 Europe/Berlin] agency-dashboard.php - Case ID: CASE_659622CD43D1F07A, Progress: not seen
[18-May-2025 18:45:22 Europe/Berlin] agency-dashboard.php - Case ID: CASE_A91302C237C8F91F, Progress: not seen
[18-May-2025 18:45:28 Europe/Berlin] agency-dashboard.php - Case ID: CASE_1052E6025157ACB4, Progress: in process
[18-May-2025 18:45:28 Europe/Berlin] agency-dashboard.php - Case ID: CASE_B43E0B22F6CE3B64, Progress: in process
[18-May-2025 18:45:28 Europe/Berlin] agency-dashboard.php - Case ID: CASE_659622CD43D1F07A, Progress: not seen
[18-May-2025 18:45:28 Europe/Berlin] agency-dashboard.php - Case ID: CASE_A91302C237C8F91F, Progress: not seen
[18-May-2025 18:45:28 Europe/Berlin] agency-dashboard.php - Case ID: CASE_1052E6025157ACB4, Progress: in process
[18-May-2025 18:45:28 Europe/Berlin] agency-dashboard.php - Case ID: CASE_B43E0B22F6CE3B64, Progress: in process
[18-May-2025 18:45:28 Europe/Berlin] agency-dashboard.php - Case ID: CASE_659622CD43D1F07A, Progress: not seen
[18-May-2025 18:45:28 Europe/Berlin] agency-dashboard.php - Case ID: CASE_A91302C237C8F91F, Progress: not seen
[18-May-2025 18:45:39 Europe/Berlin] agency-dashboard.php - Case ID: CASE_1052E6025157ACB4, Progress: in process
[18-May-2025 18:45:39 Europe/Berlin] agency-dashboard.php - Case ID: CASE_B43E0B22F6CE3B64, Progress: in process
[18-May-2025 18:45:39 Europe/Berlin] agency-dashboard.php - Case ID: CASE_659622CD43D1F07A, Progress: not seen
[18-May-2025 18:45:39 Europe/Berlin] agency-dashboard.php - Case ID: CASE_A91302C237C8F91F, Progress: not seen
[18-May-2025 18:45:39 Europe/Berlin] agency-dashboard.php - Case ID: CASE_1052E6025157ACB4, Progress: in process
[18-May-2025 18:45:39 Europe/Berlin] agency-dashboard.php - Case ID: CASE_B43E0B22F6CE3B64, Progress: in process
[18-May-2025 18:45:39 Europe/Berlin] agency-dashboard.php - Case ID: CASE_659622CD43D1F07A, Progress: not seen
[18-May-2025 18:45:39 Europe/Berlin] agency-dashboard.php - Case ID: CASE_A91302C237C8F91F, Progress: not seen
[18-May-2025 18:50:43 Europe/Berlin] agency-dashboard.php - Case ID: CASE_1052E6025157ACB4, Progress: in process
[18-May-2025 18:50:43 Europe/Berlin] agency-dashboard.php - Case ID: CASE_B43E0B22F6CE3B64, Progress: in process
[18-May-2025 18:50:43 Europe/Berlin] agency-dashboard.php - Case ID: CASE_659622CD43D1F07A, Progress: not seen
[18-May-2025 18:50:43 Europe/Berlin] agency-dashboard.php - Case ID: CASE_A91302C237C8F91F, Progress: not seen
[18-May-2025 18:50:43 Europe/Berlin] agency-dashboard.php - Case ID: CASE_1052E6025157ACB4, Progress: in process
[18-May-2025 18:50:43 Europe/Berlin] agency-dashboard.php - Case ID: CASE_B43E0B22F6CE3B64, Progress: in process
[18-May-2025 18:50:43 Europe/Berlin] agency-dashboard.php - Case ID: CASE_659622CD43D1F07A, Progress: not seen
[18-May-2025 18:50:43 Europe/Berlin] agency-dashboard.php - Case ID: CASE_A91302C237C8F91F, Progress: not seen
[18-May-2025 18:51:50 Europe/Berlin] agency-dashboard.php - Case ID: CASE_1052E6025157ACB4, Progress: in process
[18-May-2025 18:51:50 Europe/Berlin] agency-dashboard.php - Case ID: CASE_B43E0B22F6CE3B64, Progress: in process
[18-May-2025 18:51:50 Europe/Berlin] agency-dashboard.php - Case ID: CASE_659622CD43D1F07A, Progress: not seen
[18-May-2025 18:51:50 Europe/Berlin] agency-dashboard.php - Case ID: CASE_A91302C237C8F91F, Progress: not seen
[18-May-2025 18:51:50 Europe/Berlin] agency-dashboard.php - Case ID: CASE_1052E6025157ACB4, Progress: in process
[18-May-2025 18:51:50 Europe/Berlin] agency-dashboard.php - Case ID: CASE_B43E0B22F6CE3B64, Progress: in process
[18-May-2025 18:51:50 Europe/Berlin] agency-dashboard.php - Case ID: CASE_659622CD43D1F07A, Progress: not seen
[18-May-2025 18:51:50 Europe/Berlin] agency-dashboard.php - Case ID: CASE_A91302C237C8F91F, Progress: not seen
[18-May-2025 18:56:42 Europe/Berlin] agency-dashboard.php - Case ID: CASE_1052E6025157ACB4, Progress: in process
[18-May-2025 18:56:42 Europe/Berlin] agency-dashboard.php - Case ID: CASE_B43E0B22F6CE3B64, Progress: in process
[18-May-2025 18:56:42 Europe/Berlin] agency-dashboard.php - Case ID: CASE_659622CD43D1F07A, Progress: not seen
[18-May-2025 18:56:42 Europe/Berlin] agency-dashboard.php - Case ID: CASE_A91302C237C8F91F, Progress: not seen
[18-May-2025 18:56:42 Europe/Berlin] agency-dashboard.php - Case ID: CASE_1052E6025157ACB4, Progress: in process
[18-May-2025 18:56:42 Europe/Berlin] agency-dashboard.php - Case ID: CASE_B43E0B22F6CE3B64, Progress: in process
[18-May-2025 18:56:42 Europe/Berlin] agency-dashboard.php - Case ID: CASE_659622CD43D1F07A, Progress: not seen
[18-May-2025 18:56:42 Europe/Berlin] agency-dashboard.php - Case ID: CASE_A91302C237C8F91F, Progress: not seen
[18-May-2025 19:01:54 Europe/Berlin] agency-dashboard.php - Case ID: CASE_1052E6025157ACB4, Progress: in process
[18-May-2025 19:01:54 Europe/Berlin] agency-dashboard.php - Case ID: CASE_1052E6025157ACB4, Progress: in process
[18-May-2025 19:01:54 Europe/Berlin] agency-dashboard.php - Case ID: CASE_B43E0B22F6CE3B64, Progress: in process
[18-May-2025 19:01:54 Europe/Berlin] agency-dashboard.php - Case ID: CASE_659622CD43D1F07A, Progress: not seen
[18-May-2025 19:01:54 Europe/Berlin] agency-dashboard.php - Case ID: CASE_B43E0B22F6CE3B64, Progress: in process
[18-May-2025 19:01:54 Europe/Berlin] agency-dashboard.php - Case ID: CASE_A91302C237C8F91F, Progress: not seen
[18-May-2025 19:01:54 Europe/Berlin] agency-dashboard.php - Case ID: CASE_659622CD43D1F07A, Progress: not seen
[18-May-2025 19:01:54 Europe/Berlin] agency-dashboard.php - Case ID: CASE_A91302C237C8F91F, Progress: not seen
[18-May-2025 19:02:06 Europe/Berlin] agency-dashboard.php - Case ID: CASE_1052E6025157ACB4, Progress: in process
[18-May-2025 19:02:06 Europe/Berlin] agency-dashboard.php - Case ID: CASE_B43E0B22F6CE3B64, Progress: in process
[18-May-2025 19:02:06 Europe/Berlin] agency-dashboard.php - Case ID: CASE_659622CD43D1F07A, Progress: not seen
[18-May-2025 19:02:06 Europe/Berlin] agency-dashboard.php - Case ID: CASE_A91302C237C8F91F, Progress: not seen
[18-May-2025 19:02:06 Europe/Berlin] agency-dashboard.php - Case ID: CASE_1052E6025157ACB4, Progress: in process
[18-May-2025 19:02:06 Europe/Berlin] agency-dashboard.php - Case ID: CASE_B43E0B22F6CE3B64, Progress: in process
[18-May-2025 19:02:06 Europe/Berlin] agency-dashboard.php - Case ID: CASE_659622CD43D1F07A, Progress: not seen
[18-May-2025 19:02:06 Europe/Berlin] agency-dashboard.php - Case ID: CASE_A91302C237C8F91F, Progress: not seen
[18-May-2025 19:02:11 Europe/Berlin] agency-dashboard.php - Case ID: CASE_1052E6025157ACB4, Progress: in process
[18-May-2025 19:02:11 Europe/Berlin] agency-dashboard.php - Case ID: CASE_B43E0B22F6CE3B64, Progress: in process
[18-May-2025 19:02:11 Europe/Berlin] agency-dashboard.php - Case ID: CASE_659622CD43D1F07A, Progress: not seen
[18-May-2025 19:02:11 Europe/Berlin] agency-dashboard.php - Case ID: CASE_A91302C237C8F91F, Progress: not seen
[18-May-2025 19:02:11 Europe/Berlin] agency-dashboard.php - Case ID: CASE_1052E6025157ACB4, Progress: in process
[18-May-2025 19:02:11 Europe/Berlin] agency-dashboard.php - Case ID: CASE_B43E0B22F6CE3B64, Progress: in process
[18-May-2025 19:02:11 Europe/Berlin] agency-dashboard.php - Case ID: CASE_659622CD43D1F07A, Progress: not seen
[18-May-2025 19:02:11 Europe/Berlin] agency-dashboard.php - Case ID: CASE_A91302C237C8F91F, Progress: not seen
[18-May-2025 19:02:18 Europe/Berlin] agency-dashboard.php - Case ID: CASE_1052E6025157ACB4, Progress: in process
[18-May-2025 19:02:18 Europe/Berlin] agency-dashboard.php - Case ID: CASE_B43E0B22F6CE3B64, Progress: in process
[18-May-2025 19:02:18 Europe/Berlin] agency-dashboard.php - Case ID: CASE_659622CD43D1F07A, Progress: in process
[18-May-2025 19:02:18 Europe/Berlin] agency-dashboard.php - Case ID: CASE_A91302C237C8F91F, Progress: not seen
[18-May-2025 19:02:18 Europe/Berlin] agency-dashboard.php - Case ID: CASE_1052E6025157ACB4, Progress: in process
[18-May-2025 19:02:18 Europe/Berlin] agency-dashboard.php - Case ID: CASE_B43E0B22F6CE3B64, Progress: in process
[18-May-2025 19:02:18 Europe/Berlin] agency-dashboard.php - Case ID: CASE_659622CD43D1F07A, Progress: in process
[18-May-2025 19:02:18 Europe/Berlin] agency-dashboard.php - Case ID: CASE_A91302C237C8F91F, Progress: not seen
[18-May-2025 19:06:52 Europe/Berlin] agency-dashboard.php - Case ID: CASE_1052E6025157ACB4, Progress: in process
[18-May-2025 19:06:52 Europe/Berlin] agency-dashboard.php - Case ID: CASE_B43E0B22F6CE3B64, Progress: in process
[18-May-2025 19:06:52 Europe/Berlin] agency-dashboard.php - Case ID: CASE_659622CD43D1F07A, Progress: in process
[18-May-2025 19:06:52 Europe/Berlin] agency-dashboard.php - Case ID: CASE_A91302C237C8F91F, Progress: not seen
[18-May-2025 19:06:52 Europe/Berlin] agency-dashboard.php - Case ID: CASE_1052E6025157ACB4, Progress: in process
[18-May-2025 19:06:52 Europe/Berlin] agency-dashboard.php - Case ID: CASE_B43E0B22F6CE3B64, Progress: in process
[18-May-2025 19:06:52 Europe/Berlin] agency-dashboard.php - Case ID: CASE_659622CD43D1F07A, Progress: in process
[18-May-2025 19:06:52 Europe/Berlin] agency-dashboard.php - Case ID: CASE_A91302C237C8F91F, Progress: not seen
[18-May-2025 20:04:54 Europe/Berlin] agency-dashboard.php - Case ID: CASE_1052E6025157ACB4, Progress: in process
[18-May-2025 20:04:54 Europe/Berlin] agency-dashboard.php - Case ID: CASE_B43E0B22F6CE3B64, Progress: in process
[18-May-2025 20:04:54 Europe/Berlin] agency-dashboard.php - Case ID: CASE_659622CD43D1F07A, Progress: in process
[18-May-2025 20:04:54 Europe/Berlin] agency-dashboard.php - Case ID: CASE_A91302C237C8F91F, Progress: not seen
[18-May-2025 20:04:54 Europe/Berlin] agency-dashboard.php - Case ID: CASE_1052E6025157ACB4, Progress: in process
[18-May-2025 20:04:54 Europe/Berlin] agency-dashboard.php - Case ID: CASE_B43E0B22F6CE3B64, Progress: in process
[18-May-2025 20:04:54 Europe/Berlin] agency-dashboard.php - Case ID: CASE_659622CD43D1F07A, Progress: in process
[18-May-2025 20:04:54 Europe/Berlin] agency-dashboard.php - Case ID: CASE_A91302C237C8F91F, Progress: not seen
[18-May-2025 20:05:11 Europe/Berlin] agency-dashboard.php - Case ID: CASE_1052E6025157ACB4, Progress: in process
[18-May-2025 20:05:11 Europe/Berlin] agency-dashboard.php - Case ID: CASE_B43E0B22F6CE3B64, Progress: in process
[18-May-2025 20:05:11 Europe/Berlin] agency-dashboard.php - Case ID: CASE_659622CD43D1F07A, Progress: in process
[18-May-2025 20:05:11 Europe/Berlin] agency-dashboard.php - Case ID: CASE_A91302C237C8F91F, Progress: not seen
[18-May-2025 20:05:11 Europe/Berlin] agency-dashboard.php - Case ID: CASE_1052E6025157ACB4, Progress: in process
[18-May-2025 20:05:11 Europe/Berlin] agency-dashboard.php - Case ID: CASE_B43E0B22F6CE3B64, Progress: in process
[18-May-2025 20:05:11 Europe/Berlin] agency-dashboard.php - Case ID: CASE_659622CD43D1F07A, Progress: in process
[18-May-2025 20:05:11 Europe/Berlin] agency-dashboard.php - Case ID: CASE_A91302C237C8F91F, Progress: not seen
[18-May-2025 21:17:19 Europe/Berlin] agency-dashboard.php - Case ID: CASE_429267C748D4D0F1, Progress: not seen
[18-May-2025 21:17:19 Europe/Berlin] agency-dashboard.php - Case ID: CASE_429267C748D4D0F1, Progress: not seen
[18-May-2025 21:27:05 Europe/Berlin] agency-dashboard.php - Case ID: CASE_429267C748D4D0F1, Progress: not seen
[18-May-2025 21:27:05 Europe/Berlin] agency-dashboard.php - Case ID: CASE_675E018188DAC378, Progress: not seen
[18-May-2025 21:27:05 Europe/Berlin] agency-dashboard.php - Case ID: CASE_961F8F4ACB625F1D, Progress: not seen
[18-May-2025 21:27:05 Europe/Berlin] agency-dashboard.php - Case ID: CASE_429267C748D4D0F1, Progress: not seen
[18-May-2025 21:27:05 Europe/Berlin] agency-dashboard.php - Case ID: CASE_675E018188DAC378, Progress: not seen
[18-May-2025 21:27:05 Europe/Berlin] agency-dashboard.php - Case ID: CASE_961F8F4ACB625F1D, Progress: not seen
[18-May-2025 21:28:59 Europe/Berlin] agency-dashboard.php - Case ID: CASE_429267C748D4D0F1, Progress: in process
[18-May-2025 21:28:59 Europe/Berlin] agency-dashboard.php - Case ID: CASE_675E018188DAC378, Progress: not seen
[18-May-2025 21:28:59 Europe/Berlin] agency-dashboard.php - Case ID: CASE_961F8F4ACB625F1D, Progress: not seen
[18-May-2025 21:28:59 Europe/Berlin] agency-dashboard.php - Case ID: CASE_429267C748D4D0F1, Progress: in process
[18-May-2025 21:28:59 Europe/Berlin] agency-dashboard.php - Case ID: CASE_675E018188DAC378, Progress: not seen
[18-May-2025 21:28:59 Europe/Berlin] agency-dashboard.php - Case ID: CASE_961F8F4ACB625F1D, Progress: not seen
[18-May-2025 21:37:44 Europe/Berlin] agency-dashboard.php - Case ID: CASE_429267C748D4D0F1, Progress: in process
[18-May-2025 21:37:44 Europe/Berlin] agency-dashboard.php - Case ID: CASE_675E018188DAC378, Progress: not seen
[18-May-2025 21:37:44 Europe/Berlin] agency-dashboard.php - Case ID: CASE_961F8F4ACB625F1D, Progress: not seen
[18-May-2025 21:37:44 Europe/Berlin] agency-dashboard.php - Case ID: CASE_429267C748D4D0F1, Progress: in process
[18-May-2025 21:37:44 Europe/Berlin] agency-dashboard.php - Case ID: CASE_675E018188DAC378, Progress: not seen
[18-May-2025 21:37:44 Europe/Berlin] agency-dashboard.php - Case ID: CASE_961F8F4ACB625F1D, Progress: not seen
[18-May-2025 21:45:47 Europe/Berlin] agency-dashboard.php - Case ID: CASE_429267C748D4D0F1, Progress: in process
[18-May-2025 21:45:47 Europe/Berlin] agency-dashboard.php - Case ID: CASE_675E018188DAC378, Progress: not seen
[18-May-2025 21:45:47 Europe/Berlin] agency-dashboard.php - Case ID: CASE_961F8F4ACB625F1D, Progress: not seen
[18-May-2025 21:45:47 Europe/Berlin] agency-dashboard.php - Case ID: CASE_429267C748D4D0F1, Progress: in process
[18-May-2025 21:45:47 Europe/Berlin] agency-dashboard.php - Case ID: CASE_675E018188DAC378, Progress: not seen
[18-May-2025 21:45:47 Europe/Berlin] agency-dashboard.php - Case ID: CASE_961F8F4ACB625F1D, Progress: not seen
[18-May-2025 21:50:52 Europe/Berlin] agency-dashboard.php - Case ID: CASE_429267C748D4D0F1, Progress: in process
[18-May-2025 21:50:52 Europe/Berlin] agency-dashboard.php - Case ID: CASE_675E018188DAC378, Progress: not seen
[18-May-2025 21:50:52 Europe/Berlin] agency-dashboard.php - Case ID: CASE_961F8F4ACB625F1D, Progress: not seen
[18-May-2025 21:50:52 Europe/Berlin] agency-dashboard.php - Case ID: CASE_429267C748D4D0F1, Progress: in process
[18-May-2025 21:50:52 Europe/Berlin] agency-dashboard.php - Case ID: CASE_675E018188DAC378, Progress: not seen
[18-May-2025 21:50:52 Europe/Berlin] agency-dashboard.php - Case ID: CASE_961F8F4ACB625F1D, Progress: not seen
[18-May-2025 21:51:14 Europe/Berlin] agency-dashboard.php - Case ID: CASE_429267C748D4D0F1, Progress: in process
[18-May-2025 21:51:14 Europe/Berlin] agency-dashboard.php - Case ID: CASE_675E018188DAC378, Progress: not seen
[18-May-2025 21:51:14 Europe/Berlin] agency-dashboard.php - Case ID: CASE_961F8F4ACB625F1D, Progress: not seen
[18-May-2025 21:51:15 Europe/Berlin] agency-dashboard.php - Case ID: CASE_429267C748D4D0F1, Progress: in process
[18-May-2025 21:51:15 Europe/Berlin] agency-dashboard.php - Case ID: CASE_675E018188DAC378, Progress: not seen
[18-May-2025 21:51:15 Europe/Berlin] agency-dashboard.php - Case ID: CASE_961F8F4ACB625F1D, Progress: not seen
[18-May-2025 21:51:24 Europe/Berlin] agency-dashboard.php - Case ID: CASE_429267C748D4D0F1, Progress: in process
[18-May-2025 21:51:24 Europe/Berlin] agency-dashboard.php - Case ID: CASE_675E018188DAC378, Progress: not seen
[18-May-2025 21:51:24 Europe/Berlin] agency-dashboard.php - Case ID: CASE_961F8F4ACB625F1D, Progress: not seen
[18-May-2025 21:51:24 Europe/Berlin] agency-dashboard.php - Case ID: CASE_429267C748D4D0F1, Progress: in process
[18-May-2025 21:51:24 Europe/Berlin] agency-dashboard.php - Case ID: CASE_675E018188DAC378, Progress: not seen
[18-May-2025 21:51:24 Europe/Berlin] agency-dashboard.php - Case ID: CASE_961F8F4ACB625F1D, Progress: not seen
[18-May-2025 21:51:30 Europe/Berlin] agency-dashboard.php - Case ID: CASE_429267C748D4D0F1, Progress: in process
[18-May-2025 21:51:30 Europe/Berlin] agency-dashboard.php - Case ID: CASE_675E018188DAC378, Progress: not seen
[18-May-2025 21:51:30 Europe/Berlin] agency-dashboard.php - Case ID: CASE_961F8F4ACB625F1D, Progress: not seen
[18-May-2025 21:51:30 Europe/Berlin] agency-dashboard.php - Case ID: CASE_429267C748D4D0F1, Progress: in process
[18-May-2025 21:51:30 Europe/Berlin] agency-dashboard.php - Case ID: CASE_675E018188DAC378, Progress: not seen
[18-May-2025 21:51:30 Europe/Berlin] agency-dashboard.php - Case ID: CASE_961F8F4ACB625F1D, Progress: not seen
[18-May-2025 21:51:39 Europe/Berlin] agency-dashboard.php - Case ID: CASE_429267C748D4D0F1, Progress: in process
[18-May-2025 21:51:39 Europe/Berlin] agency-dashboard.php - Case ID: CASE_675E018188DAC378, Progress: not seen
[18-May-2025 21:51:39 Europe/Berlin] agency-dashboard.php - Case ID: CASE_961F8F4ACB625F1D, Progress: not seen
[18-May-2025 21:51:39 Europe/Berlin] agency-dashboard.php - Case ID: CASE_429267C748D4D0F1, Progress: in process
[18-May-2025 21:51:39 Europe/Berlin] agency-dashboard.php - Case ID: CASE_675E018188DAC378, Progress: not seen
[18-May-2025 21:51:39 Europe/Berlin] agency-dashboard.php - Case ID: CASE_961F8F4ACB625F1D, Progress: not seen
[18-May-2025 21:51:47 Europe/Berlin] agency-dashboard.php - Case ID: CASE_429267C748D4D0F1, Progress: in process
[18-May-2025 21:51:47 Europe/Berlin] agency-dashboard.php - Case ID: CASE_675E018188DAC378, Progress: not seen
[18-May-2025 21:51:47 Europe/Berlin] agency-dashboard.php - Case ID: CASE_961F8F4ACB625F1D, Progress: not seen
[18-May-2025 21:51:47 Europe/Berlin] agency-dashboard.php - Case ID: CASE_429267C748D4D0F1, Progress: in process
[18-May-2025 21:51:47 Europe/Berlin] agency-dashboard.php - Case ID: CASE_675E018188DAC378, Progress: not seen
[18-May-2025 21:51:47 Europe/Berlin] agency-dashboard.php - Case ID: CASE_961F8F4ACB625F1D, Progress: not seen
[18-May-2025 21:52:07 Europe/Berlin] agency-dashboard.php - Case ID: CASE_429267C748D4D0F1, Progress: in process
[18-May-2025 21:52:07 Europe/Berlin] agency-dashboard.php - Case ID: CASE_675E018188DAC378, Progress: not seen
[18-May-2025 21:52:07 Europe/Berlin] agency-dashboard.php - Case ID: CASE_961F8F4ACB625F1D, Progress: not seen
[18-May-2025 21:52:07 Europe/Berlin] agency-dashboard.php - Case ID: CASE_429267C748D4D0F1, Progress: in process
[18-May-2025 21:52:07 Europe/Berlin] agency-dashboard.php - Case ID: CASE_675E018188DAC378, Progress: not seen
[18-May-2025 21:52:07 Europe/Berlin] agency-dashboard.php - Case ID: CASE_961F8F4ACB625F1D, Progress: not seen
[18-May-2025 21:52:59 Europe/Berlin] agency-dashboard.php - Case ID: CASE_429267C748D4D0F1, Progress: in process
[18-May-2025 21:52:59 Europe/Berlin] agency-dashboard.php - Case ID: CASE_675E018188DAC378, Progress: not seen
[18-May-2025 21:52:59 Europe/Berlin] agency-dashboard.php - Case ID: CASE_961F8F4ACB625F1D, Progress: not seen
[18-May-2025 21:52:59 Europe/Berlin] agency-dashboard.php - Case ID: CASE_429267C748D4D0F1, Progress: in process
[18-May-2025 21:52:59 Europe/Berlin] agency-dashboard.php - Case ID: CASE_675E018188DAC378, Progress: not seen
[18-May-2025 21:52:59 Europe/Berlin] agency-dashboard.php - Case ID: CASE_961F8F4ACB625F1D, Progress: not seen
[18-May-2025 21:53:29 Europe/Berlin] agency-dashboard.php - Case ID: CASE_429267C748D4D0F1, Progress: in process
[18-May-2025 21:53:29 Europe/Berlin] agency-dashboard.php - Case ID: CASE_675E018188DAC378, Progress: not seen
[18-May-2025 21:53:29 Europe/Berlin] agency-dashboard.php - Case ID: CASE_961F8F4ACB625F1D, Progress: not seen
[18-May-2025 21:53:30 Europe/Berlin] agency-dashboard.php - Case ID: CASE_429267C748D4D0F1, Progress: in process
[18-May-2025 21:53:30 Europe/Berlin] agency-dashboard.php - Case ID: CASE_675E018188DAC378, Progress: not seen
[18-May-2025 21:53:30 Europe/Berlin] agency-dashboard.php - Case ID: CASE_961F8F4ACB625F1D, Progress: not seen
[18-May-2025 21:53:59 Europe/Berlin] agency-dashboard.php - Case ID: CASE_429267C748D4D0F1, Progress: in process
[18-May-2025 21:53:59 Europe/Berlin] agency-dashboard.php - Case ID: CASE_675E018188DAC378, Progress: not seen
[18-May-2025 21:53:59 Europe/Berlin] agency-dashboard.php - Case ID: CASE_961F8F4ACB625F1D, Progress: not seen
[18-May-2025 21:53:59 Europe/Berlin] agency-dashboard.php - Case ID: CASE_429267C748D4D0F1, Progress: in process
[18-May-2025 21:53:59 Europe/Berlin] agency-dashboard.php - Case ID: CASE_675E018188DAC378, Progress: not seen
[18-May-2025 21:53:59 Europe/Berlin] agency-dashboard.php - Case ID: CASE_961F8F4ACB625F1D, Progress: not seen
[18-May-2025 21:54:03 Europe/Berlin] agency-dashboard.php - Case ID: CASE_429267C748D4D0F1, Progress: in process
[18-May-2025 21:54:03 Europe/Berlin] agency-dashboard.php - Case ID: CASE_675E018188DAC378, Progress: not seen
[18-May-2025 21:54:03 Europe/Berlin] agency-dashboard.php - Case ID: CASE_961F8F4ACB625F1D, Progress: not seen
[18-May-2025 21:54:03 Europe/Berlin] agency-dashboard.php - Case ID: CASE_429267C748D4D0F1, Progress: in process
[18-May-2025 21:54:03 Europe/Berlin] agency-dashboard.php - Case ID: CASE_675E018188DAC378, Progress: not seen
[18-May-2025 21:54:03 Europe/Berlin] agency-dashboard.php - Case ID: CASE_961F8F4ACB625F1D, Progress: not seen
[18-May-2025 21:54:08 Europe/Berlin] agency-dashboard.php - Case ID: CASE_429267C748D4D0F1, Progress: in process
[18-May-2025 21:54:08 Europe/Berlin] agency-dashboard.php - Case ID: CASE_675E018188DAC378, Progress: not seen
[18-May-2025 21:54:08 Europe/Berlin] agency-dashboard.php - Case ID: CASE_961F8F4ACB625F1D, Progress: not seen
[18-May-2025 21:54:08 Europe/Berlin] agency-dashboard.php - Case ID: CASE_429267C748D4D0F1, Progress: in process
[18-May-2025 21:54:08 Europe/Berlin] agency-dashboard.php - Case ID: CASE_675E018188DAC378, Progress: not seen
[18-May-2025 21:54:08 Europe/Berlin] agency-dashboard.php - Case ID: CASE_961F8F4ACB625F1D, Progress: not seen
[18-May-2025 21:54:45 Europe/Berlin] agency-dashboard.php - Case ID: CASE_429267C748D4D0F1, Progress: in process
[18-May-2025 21:54:45 Europe/Berlin] agency-dashboard.php - Case ID: CASE_675E018188DAC378, Progress: not seen
[18-May-2025 21:54:45 Europe/Berlin] agency-dashboard.php - Case ID: CASE_961F8F4ACB625F1D, Progress: not seen
[18-May-2025 21:54:45 Europe/Berlin] agency-dashboard.php - Case ID: CASE_429267C748D4D0F1, Progress: in process
[18-May-2025 21:54:45 Europe/Berlin] agency-dashboard.php - Case ID: CASE_675E018188DAC378, Progress: not seen
[18-May-2025 21:54:45 Europe/Berlin] agency-dashboard.php - Case ID: CASE_961F8F4ACB625F1D, Progress: not seen
[18-May-2025 21:55:12 Europe/Berlin] agency-dashboard.php - Case ID: CASE_429267C748D4D0F1, Progress: in process
[18-May-2025 21:55:12 Europe/Berlin] agency-dashboard.php - Case ID: CASE_675E018188DAC378, Progress: not seen
[18-May-2025 21:55:12 Europe/Berlin] agency-dashboard.php - Case ID: CASE_961F8F4ACB625F1D, Progress: not seen
[18-May-2025 21:55:12 Europe/Berlin] agency-dashboard.php - Case ID: CASE_429267C748D4D0F1, Progress: in process
[18-May-2025 21:55:12 Europe/Berlin] agency-dashboard.php - Case ID: CASE_675E018188DAC378, Progress: not seen
[18-May-2025 21:55:12 Europe/Berlin] agency-dashboard.php - Case ID: CASE_961F8F4ACB625F1D, Progress: not seen
[18-May-2025 21:55:13 Europe/Berlin] agency-dashboard.php - Case ID: CASE_429267C748D4D0F1, Progress: in process
[18-May-2025 21:55:13 Europe/Berlin] agency-dashboard.php - Case ID: CASE_675E018188DAC378, Progress: not seen
[18-May-2025 21:55:13 Europe/Berlin] agency-dashboard.php - Case ID: CASE_961F8F4ACB625F1D, Progress: not seen
[18-May-2025 21:55:13 Europe/Berlin] agency-dashboard.php - Case ID: CASE_429267C748D4D0F1, Progress: in process
[18-May-2025 21:55:13 Europe/Berlin] agency-dashboard.php - Case ID: CASE_675E018188DAC378, Progress: not seen
[18-May-2025 21:55:13 Europe/Berlin] agency-dashboard.php - Case ID: CASE_961F8F4ACB625F1D, Progress: not seen
[18-May-2025 21:55:45 Europe/Berlin] agency-dashboard.php - Case ID: CASE_429267C748D4D0F1, Progress: in process
[18-May-2025 21:55:45 Europe/Berlin] agency-dashboard.php - Case ID: CASE_675E018188DAC378, Progress: not seen
[18-May-2025 21:55:45 Europe/Berlin] agency-dashboard.php - Case ID: CASE_961F8F4ACB625F1D, Progress: not seen
[18-May-2025 21:55:45 Europe/Berlin] agency-dashboard.php - Case ID: CASE_429267C748D4D0F1, Progress: in process
[18-May-2025 21:55:45 Europe/Berlin] agency-dashboard.php - Case ID: CASE_675E018188DAC378, Progress: not seen
[18-May-2025 21:55:45 Europe/Berlin] agency-dashboard.php - Case ID: CASE_961F8F4ACB625F1D, Progress: not seen
[18-May-2025 21:58:59 Europe/Berlin] agency-dashboard.php - Case ID: CASE_429267C748D4D0F1, Progress: in process
[18-May-2025 21:58:59 Europe/Berlin] agency-dashboard.php - Case ID: CASE_675E018188DAC378, Progress: not seen
[18-May-2025 21:58:59 Europe/Berlin] agency-dashboard.php - Case ID: CASE_961F8F4ACB625F1D, Progress: not seen
[18-May-2025 21:59:00 Europe/Berlin] agency-dashboard.php - Case ID: CASE_429267C748D4D0F1, Progress: in process
[18-May-2025 21:59:00 Europe/Berlin] agency-dashboard.php - Case ID: CASE_675E018188DAC378, Progress: not seen
[18-May-2025 21:59:00 Europe/Berlin] agency-dashboard.php - Case ID: CASE_961F8F4ACB625F1D, Progress: not seen
[18-May-2025 21:59:05 Europe/Berlin] agency-dashboard.php - Case ID: CASE_429267C748D4D0F1, Progress: in process
[18-May-2025 21:59:05 Europe/Berlin] agency-dashboard.php - Case ID: CASE_675E018188DAC378, Progress: not seen
[18-May-2025 21:59:05 Europe/Berlin] agency-dashboard.php - Case ID: CASE_961F8F4ACB625F1D, Progress: not seen
[18-May-2025 21:59:05 Europe/Berlin] agency-dashboard.php - Case ID: CASE_429267C748D4D0F1, Progress: in process
[18-May-2025 21:59:05 Europe/Berlin] agency-dashboard.php - Case ID: CASE_675E018188DAC378, Progress: not seen
[18-May-2025 21:59:05 Europe/Berlin] agency-dashboard.php - Case ID: CASE_961F8F4ACB625F1D, Progress: not seen
[18-May-2025 22:04:05 Europe/Berlin] agency-dashboard.php - Case ID: CASE_429267C748D4D0F1, Progress: in process
[18-May-2025 22:04:05 Europe/Berlin] agency-dashboard.php - Case ID: CASE_675E018188DAC378, Progress: not seen
[18-May-2025 22:04:05 Europe/Berlin] agency-dashboard.php - Case ID: CASE_961F8F4ACB625F1D, Progress: not seen
[18-May-2025 22:04:05 Europe/Berlin] agency-dashboard.php - Case ID: CASE_429267C748D4D0F1, Progress: in process
[18-May-2025 22:04:05 Europe/Berlin] agency-dashboard.php - Case ID: CASE_675E018188DAC378, Progress: not seen
[18-May-2025 22:04:05 Europe/Berlin] agency-dashboard.php - Case ID: CASE_961F8F4ACB625F1D, Progress: not seen
[18-May-2025 22:04:15 Europe/Berlin] agency-dashboard.php - Case ID: CASE_429267C748D4D0F1, Progress: in process
[18-May-2025 22:04:15 Europe/Berlin] agency-dashboard.php - Case ID: CASE_675E018188DAC378, Progress: not seen
[18-May-2025 22:04:15 Europe/Berlin] agency-dashboard.php - Case ID: CASE_961F8F4ACB625F1D, Progress: not seen
[18-May-2025 22:04:15 Europe/Berlin] agency-dashboard.php - Case ID: CASE_429267C748D4D0F1, Progress: in process
[18-May-2025 22:04:15 Europe/Berlin] agency-dashboard.php - Case ID: CASE_675E018188DAC378, Progress: not seen
[18-May-2025 22:04:15 Europe/Berlin] agency-dashboard.php - Case ID: CASE_961F8F4ACB625F1D, Progress: not seen
[18-May-2025 22:04:22 Europe/Berlin] agency-dashboard.php - Case ID: CASE_429267C748D4D0F1, Progress: in process
[18-May-2025 22:04:22 Europe/Berlin] agency-dashboard.php - Case ID: CASE_675E018188DAC378, Progress: not seen
[18-May-2025 22:04:22 Europe/Berlin] agency-dashboard.php - Case ID: CASE_961F8F4ACB625F1D, Progress: not seen
[18-May-2025 22:04:22 Europe/Berlin] agency-dashboard.php - Case ID: CASE_429267C748D4D0F1, Progress: in process
[18-May-2025 22:04:22 Europe/Berlin] agency-dashboard.php - Case ID: CASE_675E018188DAC378, Progress: not seen
[18-May-2025 22:04:22 Europe/Berlin] agency-dashboard.php - Case ID: CASE_961F8F4ACB625F1D, Progress: not seen
[18-May-2025 22:20:57 Europe/Berlin] agency-dashboard.php - Case ID: CASE_429267C748D4D0F1, Progress: in process
[18-May-2025 22:20:57 Europe/Berlin] agency-dashboard.php - Case ID: CASE_675E018188DAC378, Progress: not seen
[18-May-2025 22:20:57 Europe/Berlin] agency-dashboard.php - Case ID: CASE_961F8F4ACB625F1D, Progress: not seen
[18-May-2025 22:20:57 Europe/Berlin] agency-dashboard.php - Case ID: CASE_429267C748D4D0F1, Progress: in process
[18-May-2025 22:20:57 Europe/Berlin] agency-dashboard.php - Case ID: CASE_675E018188DAC378, Progress: not seen
[18-May-2025 22:20:57 Europe/Berlin] agency-dashboard.php - Case ID: CASE_961F8F4ACB625F1D, Progress: not seen
[18-May-2025 22:21:53 Europe/Berlin] agency-dashboard.php - Case ID: CASE_429267C748D4D0F1, Progress: in process
[18-May-2025 22:21:53 Europe/Berlin] agency-dashboard.php - Case ID: CASE_675E018188DAC378, Progress: not seen
[18-May-2025 22:21:53 Europe/Berlin] agency-dashboard.php - Case ID: CASE_961F8F4ACB625F1D, Progress: not seen
[18-May-2025 22:21:53 Europe/Berlin] agency-dashboard.php - Case ID: CASE_429267C748D4D0F1, Progress: in process
[18-May-2025 22:21:53 Europe/Berlin] agency-dashboard.php - Case ID: CASE_675E018188DAC378, Progress: not seen
[18-May-2025 22:21:53 Europe/Berlin] agency-dashboard.php - Case ID: CASE_961F8F4ACB625F1D, Progress: not seen
[18-May-2025 22:33:46 Europe/Berlin] agency-dashboard.php - Case ID: CASE_429267C748D4D0F1, Progress: in process
[18-May-2025 22:33:46 Europe/Berlin] agency-dashboard.php - Case ID: CASE_675E018188DAC378, Progress: not seen
[18-May-2025 22:33:46 Europe/Berlin] agency-dashboard.php - Case ID: CASE_961F8F4ACB625F1D, Progress: not seen
[18-May-2025 22:33:46 Europe/Berlin] agency-dashboard.php - Case ID: CASE_429267C748D4D0F1, Progress: in process
[18-May-2025 22:33:46 Europe/Berlin] agency-dashboard.php - Case ID: CASE_675E018188DAC378, Progress: not seen
[18-May-2025 22:33:46 Europe/Berlin] agency-dashboard.php - Case ID: CASE_961F8F4ACB625F1D, Progress: not seen
[2025-05-18 22:33:50] Request method: GET
[2025-05-18 22:33:50] Invalid status 'in process' for case_id: CASE_429267C748D4D0F1, defaulting to pending
[2025-05-18 22:33:50] Successfully fetched complaint for case_id: CASE_429267C748D4D0F1
[2025-05-18 22:33:50] Request method: GET
[2025-05-18 22:33:50] Invalid status 'in process' for case_id: CASE_429267C748D4D0F1, defaulting to pending
[2025-05-18 22:33:50] Successfully fetched complaint for case_id: CASE_429267C748D4D0F1
[18-May-2025 22:34:06 Europe/Berlin] agency-dashboard.php - Case ID: CASE_429267C748D4D0F1, Progress: in process
[18-May-2025 22:34:06 Europe/Berlin] agency-dashboard.php - Case ID: CASE_675E018188DAC378, Progress: not seen
[18-May-2025 22:34:06 Europe/Berlin] agency-dashboard.php - Case ID: CASE_961F8F4ACB625F1D, Progress: not seen
[18-May-2025 22:34:07 Europe/Berlin] agency-dashboard.php - Case ID: CASE_429267C748D4D0F1, Progress: in process
[18-May-2025 22:34:07 Europe/Berlin] agency-dashboard.php - Case ID: CASE_675E018188DAC378, Progress: not seen
[18-May-2025 22:34:07 Europe/Berlin] agency-dashboard.php - Case ID: CASE_961F8F4ACB625F1D, Progress: not seen
[2025-05-18 22:34:12] Request method: GET
[2025-05-18 22:34:12] Invalid status 'Not seen' for case_id: CASE_675E018188DAC378, defaulting to pending
[2025-05-18 22:34:12] Successfully fetched complaint for case_id: CASE_675E018188DAC378
[2025-05-18 22:34:12] Request method: GET
[2025-05-18 22:34:12] Invalid status 'Not seen' for case_id: CASE_675E018188DAC378, defaulting to pending
[2025-05-18 22:34:12] Successfully fetched complaint for case_id: CASE_675E018188DAC378
[2025-05-18 22:34:14] Request method: OPTIONS
[2025-05-18 22:34:14] Request method: POST
[2025-05-18 22:34:14] Raw input: {"case_id":"CASE_675E018188DAC378"}
[2025-05-18 22:34:14] Successfully updated progress to resolved for case_id: CASE_675E018188DAC378
[2025-05-18 22:34:14] Request method: GET
[2025-05-18 22:34:14] Successfully fetched complaint for case_id: CASE_675E018188DAC378
[18-May-2025 22:34:17 Europe/Berlin] agency-dashboard.php - Case ID: CASE_429267C748D4D0F1, Progress: in process
[18-May-2025 22:34:17 Europe/Berlin] agency-dashboard.php - Case ID: CASE_675E018188DAC378, Progress: resolved
[18-May-2025 22:34:17 Europe/Berlin] agency-dashboard.php - Case ID: CASE_961F8F4ACB625F1D, Progress: not seen
[18-May-2025 22:34:17 Europe/Berlin] agency-dashboard.php - Case ID: CASE_429267C748D4D0F1, Progress: in process
[18-May-2025 22:34:17 Europe/Berlin] agency-dashboard.php - Case ID: CASE_675E018188DAC378, Progress: resolved
[18-May-2025 22:34:17 Europe/Berlin] agency-dashboard.php - Case ID: CASE_961F8F4ACB625F1D, Progress: not seen
[18-May-2025 22:34:41 Europe/Berlin] agency-dashboard.php - Case ID: CASE_429267C748D4D0F1, Progress: in process
[18-May-2025 22:34:41 Europe/Berlin] agency-dashboard.php - Case ID: CASE_675E018188DAC378, Progress: resolved
[18-May-2025 22:34:41 Europe/Berlin] agency-dashboard.php - Case ID: CASE_961F8F4ACB625F1D, Progress: not seen
[18-May-2025 22:34:41 Europe/Berlin] agency-dashboard.php - Case ID: CASE_429267C748D4D0F1, Progress: in process
[18-May-2025 22:34:41 Europe/Berlin] agency-dashboard.php - Case ID: CASE_675E018188DAC378, Progress: resolved
[18-May-2025 22:34:41 Europe/Berlin] agency-dashboard.php - Case ID: CASE_961F8F4ACB625F1D, Progress: not seen
[2025-05-18 22:41:58] Request method: GET
[2025-05-18 22:41:58] Invalid status 'in process' for case_id: CASE_429267C748D4D0F1, defaulting to pending
[2025-05-18 22:41:58] Successfully fetched complaint for case_id: CASE_429267C748D4D0F1
[2025-05-18 22:41:58] Request method: GET
[2025-05-18 22:41:58] Invalid status 'in process' for case_id: CASE_429267C748D4D0F1, defaulting to pending
[2025-05-18 22:41:58] Successfully fetched complaint for case_id: CASE_429267C748D4D0F1
[18-May-2025 22:42:21 Europe/Berlin] agency-dashboard.php - Case ID: CASE_429267C748D4D0F1, Progress: in process
[18-May-2025 22:42:21 Europe/Berlin] agency-dashboard.php - Case ID: CASE_675E018188DAC378, Progress: resolved
[18-May-2025 22:42:21 Europe/Berlin] agency-dashboard.php - Case ID: CASE_961F8F4ACB625F1D, Progress: not seen
[18-May-2025 22:42:21 Europe/Berlin] agency-dashboard.php - Case ID: CASE_429267C748D4D0F1, Progress: in process
[18-May-2025 22:42:21 Europe/Berlin] agency-dashboard.php - Case ID: CASE_675E018188DAC378, Progress: resolved
[18-May-2025 22:42:21 Europe/Berlin] agency-dashboard.php - Case ID: CASE_961F8F4ACB625F1D, Progress: not seen
[2025-05-18 22:42:25] Request method: GET
[2025-05-18 22:42:25] Invalid status 'Not seen' for case_id: CASE_961F8F4ACB625F1D, defaulting to pending
[2025-05-18 22:42:25] Successfully fetched complaint for case_id: CASE_961F8F4ACB625F1D
[2025-05-18 22:42:25] Request method: GET
[2025-05-18 22:42:25] Invalid status 'Not seen' for case_id: CASE_961F8F4ACB625F1D, defaulting to pending
[2025-05-18 22:42:25] Successfully fetched complaint for case_id: CASE_961F8F4ACB625F1D
[18-May-2025 22:43:55 Europe/Berlin] agency-dashboard.php - Case ID: CASE_429267C748D4D0F1, Progress: in process
[18-May-2025 22:43:55 Europe/Berlin] agency-dashboard.php - Case ID: CASE_675E018188DAC378, Progress: resolved
[18-May-2025 22:43:55 Europe/Berlin] agency-dashboard.php - Case ID: CASE_961F8F4ACB625F1D, Progress: not seen
[18-May-2025 22:43:55 Europe/Berlin] agency-dashboard.php - Case ID: CASE_429267C748D4D0F1, Progress: in process
[18-May-2025 22:43:55 Europe/Berlin] agency-dashboard.php - Case ID: CASE_675E018188DAC378, Progress: resolved
[18-May-2025 22:43:55 Europe/Berlin] agency-dashboard.php - Case ID: CASE_961F8F4ACB625F1D, Progress: not seen
[18-May-2025 22:53:50 Europe/Berlin] agency-dashboard.php - Case ID: CASE_429267C748D4D0F1, Progress: in process
[18-May-2025 22:53:50 Europe/Berlin] agency-dashboard.php - Case ID: CASE_675E018188DAC378, Progress: resolved
[18-May-2025 22:53:50 Europe/Berlin] agency-dashboard.php - Case ID: CASE_961F8F4ACB625F1D, Progress: not seen
[18-May-2025 22:53:50 Europe/Berlin] agency-dashboard.php - Case ID: CASE_9191A619D7E5FB21, Progress: not seen
[18-May-2025 22:53:50 Europe/Berlin] agency-dashboard.php - Case ID: CASE_429267C748D4D0F1, Progress: in process
[18-May-2025 22:53:50 Europe/Berlin] agency-dashboard.php - Case ID: CASE_675E018188DAC378, Progress: resolved
[18-May-2025 22:53:50 Europe/Berlin] agency-dashboard.php - Case ID: CASE_961F8F4ACB625F1D, Progress: not seen
[18-May-2025 22:53:50 Europe/Berlin] agency-dashboard.php - Case ID: CASE_9191A619D7E5FB21, Progress: not seen
[18-May-2025 23:09:51 Europe/Berlin] agency-dashboard.php - Case ID: CASE_429267C748D4D0F1, Progress: in process
[18-May-2025 23:09:51 Europe/Berlin] agency-dashboard.php - Case ID: CASE_675E018188DAC378, Progress: resolved
[18-May-2025 23:09:51 Europe/Berlin] agency-dashboard.php - Case ID: CASE_961F8F4ACB625F1D, Progress: not seen
[18-May-2025 23:09:51 Europe/Berlin] agency-dashboard.php - Case ID: CASE_9191A619D7E5FB21, Progress: not seen
[18-May-2025 23:09:51 Europe/Berlin] agency-dashboard.php - Case ID: CASE_911098123F398141, Progress: not seen
[18-May-2025 23:09:52 Europe/Berlin] agency-dashboard.php - Case ID: CASE_429267C748D4D0F1, Progress: in process
[18-May-2025 23:09:52 Europe/Berlin] agency-dashboard.php - Case ID: CASE_675E018188DAC378, Progress: resolved
[18-May-2025 23:09:52 Europe/Berlin] agency-dashboard.php - Case ID: CASE_961F8F4ACB625F1D, Progress: not seen
[18-May-2025 23:09:52 Europe/Berlin] agency-dashboard.php - Case ID: CASE_9191A619D7E5FB21, Progress: not seen
[18-May-2025 23:09:52 Europe/Berlin] agency-dashboard.php - Case ID: CASE_911098123F398141, Progress: not seen
[2025-05-18 23:10:02] Request method: GET
[2025-05-18 23:10:02] Invalid status 'Not seen' for case_id: CASE_961F8F4ACB625F1D, defaulting to pending
[2025-05-18 23:10:02] Successfully fetched complaint for case_id: CASE_961F8F4ACB625F1D
[2025-05-18 23:10:02] Request method: GET
[2025-05-18 23:10:02] Invalid status 'Not seen' for case_id: CASE_961F8F4ACB625F1D, defaulting to pending
[2025-05-18 23:10:02] Successfully fetched complaint for case_id: CASE_961F8F4ACB625F1D
[2025-05-18 23:10:02] Request method: GET
[2025-05-18 23:10:02] API Error: Unknown column 'sender' in 'field list'
[2025-05-18 23:10:02] Request method: GET
[2025-05-18 23:10:02] API Error: Unknown column 'sender' in 'field list'
[2025-05-18 23:10:06] Request method: GET
[2025-05-18 23:10:06] Invalid status 'Not seen' for case_id: CASE_961F8F4ACB625F1D, defaulting to pending
[2025-05-18 23:10:06] Successfully fetched complaint for case_id: CASE_961F8F4ACB625F1D
[2025-05-18 23:10:06] Request method: GET
[2025-05-18 23:10:06] Request method: GET
[2025-05-18 23:10:06] Invalid status 'Not seen' for case_id: CASE_961F8F4ACB625F1D, defaulting to pending
[2025-05-18 23:10:06] Successfully fetched complaint for case_id: CASE_961F8F4ACB625F1D
[2025-05-18 23:10:06] API Error: Unknown column 'sender' in 'field list'
[2025-05-18 23:10:06] Request method: GET
[2025-05-18 23:10:06] API Error: Unknown column 'sender' in 'field list'
[18-May-2025 23:10:07 Europe/Berlin] agency-dashboard.php - Case ID: CASE_429267C748D4D0F1, Progress: in process
[18-May-2025 23:10:07 Europe/Berlin] agency-dashboard.php - Case ID: CASE_675E018188DAC378, Progress: resolved
[18-May-2025 23:10:07 Europe/Berlin] agency-dashboard.php - Case ID: CASE_961F8F4ACB625F1D, Progress: not seen
[18-May-2025 23:10:07 Europe/Berlin] agency-dashboard.php - Case ID: CASE_9191A619D7E5FB21, Progress: not seen
[18-May-2025 23:10:07 Europe/Berlin] agency-dashboard.php - Case ID: CASE_911098123F398141, Progress: not seen
[18-May-2025 23:10:07 Europe/Berlin] agency-dashboard.php - Case ID: CASE_429267C748D4D0F1, Progress: in process
[18-May-2025 23:10:07 Europe/Berlin] agency-dashboard.php - Case ID: CASE_675E018188DAC378, Progress: resolved
[18-May-2025 23:10:07 Europe/Berlin] agency-dashboard.php - Case ID: CASE_961F8F4ACB625F1D, Progress: not seen
[18-May-2025 23:10:07 Europe/Berlin] agency-dashboard.php - Case ID: CASE_9191A619D7E5FB21, Progress: not seen
[18-May-2025 23:10:07 Europe/Berlin] agency-dashboard.php - Case ID: CASE_911098123F398141, Progress: not seen
[2025-05-18 23:10:10] Request method: GET
[2025-05-18 23:10:10] Successfully fetched complaint for case_id: CASE_675E018188DAC378
[2025-05-18 23:10:10] Request method: GET
[2025-05-18 23:10:10] Successfully fetched complaint for case_id: CASE_675E018188DAC378
[2025-05-18 23:10:10] Request method: GET
[2025-05-18 23:10:10] API Error: Unknown column 'sender' in 'field list'
[2025-05-18 23:10:10] Request method: GET
[2025-05-18 23:10:10] API Error: Unknown column 'sender' in 'field list'
[18-May-2025 23:10:11 Europe/Berlin] agency-dashboard.php - Case ID: CASE_429267C748D4D0F1, Progress: in process
[18-May-2025 23:10:11 Europe/Berlin] agency-dashboard.php - Case ID: CASE_675E018188DAC378, Progress: resolved
[18-May-2025 23:10:11 Europe/Berlin] agency-dashboard.php - Case ID: CASE_961F8F4ACB625F1D, Progress: not seen
[18-May-2025 23:10:11 Europe/Berlin] agency-dashboard.php - Case ID: CASE_9191A619D7E5FB21, Progress: not seen
[18-May-2025 23:10:11 Europe/Berlin] agency-dashboard.php - Case ID: CASE_911098123F398141, Progress: not seen
[18-May-2025 23:10:11 Europe/Berlin] agency-dashboard.php - Case ID: CASE_429267C748D4D0F1, Progress: in process
[18-May-2025 23:10:11 Europe/Berlin] agency-dashboard.php - Case ID: CASE_675E018188DAC378, Progress: resolved
[18-May-2025 23:10:11 Europe/Berlin] agency-dashboard.php - Case ID: CASE_961F8F4ACB625F1D, Progress: not seen
[18-May-2025 23:10:11 Europe/Berlin] agency-dashboard.php - Case ID: CASE_9191A619D7E5FB21, Progress: not seen
[18-May-2025 23:10:11 Europe/Berlin] agency-dashboard.php - Case ID: CASE_911098123F398141, Progress: not seen
[2025-05-18 23:10:15] Request method: GET
[2025-05-18 23:10:15] Invalid status 'Not seen' for case_id: CASE_911098123F398141, defaulting to pending
[2025-05-18 23:10:15] Successfully fetched complaint for case_id: CASE_911098123F398141
[2025-05-18 23:10:15] Request method: GET
[2025-05-18 23:10:15] Request method: GET
[2025-05-18 23:10:15] API Error: Unknown column 'sender' in 'field list'
[2025-05-18 23:10:15] Invalid status 'Not seen' for case_id: CASE_911098123F398141, defaulting to pending
[2025-05-18 23:10:15] Successfully fetched complaint for case_id: CASE_911098123F398141
[2025-05-18 23:10:15] Request method: GET
[2025-05-18 23:10:15] API Error: Unknown column 'sender' in 'field list'
[2025-05-18 23:11:02] Request method: GET
[2025-05-18 23:11:02] Invalid status 'Not seen' for case_id: CASE_911098123F398141, defaulting to pending
[2025-05-18 23:11:02] Successfully fetched complaint for case_id: CASE_911098123F398141
[2025-05-18 23:11:02] Request method: GET
[2025-05-18 23:11:02] Request method: GET
[2025-05-18 23:11:02] API Error: Unknown column 'sender' in 'field list'
[2025-05-18 23:11:02] Invalid status 'Not seen' for case_id: CASE_911098123F398141, defaulting to pending
[2025-05-18 23:11:02] Successfully fetched complaint for case_id: CASE_911098123F398141
[2025-05-18 23:11:02] Request method: GET
[2025-05-18 23:11:02] API Error: Unknown column 'sender' in 'field list'
[18-May-2025 23:11:03 Europe/Berlin] agency-dashboard.php - Case ID: CASE_429267C748D4D0F1, Progress: in process
[18-May-2025 23:11:03 Europe/Berlin] agency-dashboard.php - Case ID: CASE_675E018188DAC378, Progress: resolved
[18-May-2025 23:11:03 Europe/Berlin] agency-dashboard.php - Case ID: CASE_961F8F4ACB625F1D, Progress: not seen
[18-May-2025 23:11:03 Europe/Berlin] agency-dashboard.php - Case ID: CASE_9191A619D7E5FB21, Progress: not seen
[18-May-2025 23:11:03 Europe/Berlin] agency-dashboard.php - Case ID: CASE_911098123F398141, Progress: not seen
[18-May-2025 23:11:03 Europe/Berlin] agency-dashboard.php - Case ID: CASE_429267C748D4D0F1, Progress: in process
[18-May-2025 23:11:03 Europe/Berlin] agency-dashboard.php - Case ID: CASE_675E018188DAC378, Progress: resolved
[18-May-2025 23:11:03 Europe/Berlin] agency-dashboard.php - Case ID: CASE_961F8F4ACB625F1D, Progress: not seen
[18-May-2025 23:11:03 Europe/Berlin] agency-dashboard.php - Case ID: CASE_9191A619D7E5FB21, Progress: not seen
[18-May-2025 23:11:03 Europe/Berlin] agency-dashboard.php - Case ID: CASE_911098123F398141, Progress: not seen
[2025-05-18 23:11:07] Request method: GET
[2025-05-18 23:11:07] Invalid status 'Not seen' for case_id: CASE_961F8F4ACB625F1D, defaulting to pending
[2025-05-18 23:11:07] Successfully fetched complaint for case_id: CASE_961F8F4ACB625F1D
[2025-05-18 23:11:07] Request method: GET
[2025-05-18 23:11:07] Request method: GET
[2025-05-18 23:11:07] API Error: Unknown column 'sender' in 'field list'
[2025-05-18 23:11:07] Invalid status 'Not seen' for case_id: CASE_961F8F4ACB625F1D, defaulting to pending
[2025-05-18 23:11:07] Successfully fetched complaint for case_id: CASE_961F8F4ACB625F1D
[2025-05-18 23:11:07] Request method: GET
[2025-05-18 23:11:07] API Error: Unknown column 'sender' in 'field list'
[2025-05-18 23:11:15] Request method: GET
[2025-05-18 23:11:15] Invalid status 'Not seen' for case_id: CASE_961F8F4ACB625F1D, defaulting to pending
[2025-05-18 23:11:15] Successfully fetched complaint for case_id: CASE_961F8F4ACB625F1D
[2025-05-18 23:11:15] Request method: GET
[2025-05-18 23:11:15] Request method: GET
[2025-05-18 23:11:15] API Error: Unknown column 'sender' in 'field list'
[2025-05-18 23:11:15] Invalid status 'Not seen' for case_id: CASE_961F8F4ACB625F1D, defaulting to pending
[2025-05-18 23:11:15] Successfully fetched complaint for case_id: CASE_961F8F4ACB625F1D
[2025-05-18 23:11:15] Request method: GET
[2025-05-18 23:11:15] API Error: Unknown column 'sender' in 'field list'
[18-May-2025 23:11:17 Europe/Berlin] agency-dashboard.php - Case ID: CASE_429267C748D4D0F1, Progress: in process
[18-May-2025 23:11:17 Europe/Berlin] agency-dashboard.php - Case ID: CASE_675E018188DAC378, Progress: resolved
[18-May-2025 23:11:17 Europe/Berlin] agency-dashboard.php - Case ID: CASE_961F8F4ACB625F1D, Progress: not seen
[18-May-2025 23:11:17 Europe/Berlin] agency-dashboard.php - Case ID: CASE_9191A619D7E5FB21, Progress: not seen
[18-May-2025 23:11:17 Europe/Berlin] agency-dashboard.php - Case ID: CASE_911098123F398141, Progress: not seen
[18-May-2025 23:11:17 Europe/Berlin] agency-dashboard.php - Case ID: CASE_429267C748D4D0F1, Progress: in process
[18-May-2025 23:11:17 Europe/Berlin] agency-dashboard.php - Case ID: CASE_675E018188DAC378, Progress: resolved
[18-May-2025 23:11:17 Europe/Berlin] agency-dashboard.php - Case ID: CASE_961F8F4ACB625F1D, Progress: not seen
[18-May-2025 23:11:17 Europe/Berlin] agency-dashboard.php - Case ID: CASE_9191A619D7E5FB21, Progress: not seen
[18-May-2025 23:11:17 Europe/Berlin] agency-dashboard.php - Case ID: CASE_911098123F398141, Progress: not seen
[2025-05-18 23:11:19] Request method: GET
[2025-05-18 23:11:19] Invalid status 'Not seen' for case_id: CASE_961F8F4ACB625F1D, defaulting to pending
[2025-05-18 23:11:19] Successfully fetched complaint for case_id: CASE_961F8F4ACB625F1D
[2025-05-18 23:11:19] Request method: GET
[2025-05-18 23:11:19] Request method: GET
[2025-05-18 23:11:19] API Error: Unknown column 'sender' in 'field list'
[2025-05-18 23:11:19] Invalid status 'Not seen' for case_id: CASE_961F8F4ACB625F1D, defaulting to pending
[2025-05-18 23:11:19] Successfully fetched complaint for case_id: CASE_961F8F4ACB625F1D
[2025-05-18 23:11:19] Request method: GET
[2025-05-18 23:11:19] API Error: Unknown column 'sender' in 'field list'
[2025-05-18 23:11:42] Request method: GET
[2025-05-18 23:11:42] Invalid status 'Not seen' for case_id: CASE_961F8F4ACB625F1D, defaulting to pending
[2025-05-18 23:11:42] Successfully fetched complaint for case_id: CASE_961F8F4ACB625F1D
[2025-05-18 23:11:42] Request method: GET
[2025-05-18 23:11:42] Request method: GET
[2025-05-18 23:11:42] API Error: Unknown column 'sender' in 'field list'
[2025-05-18 23:11:42] Invalid status 'Not seen' for case_id: CASE_961F8F4ACB625F1D, defaulting to pending
[2025-05-18 23:11:42] Successfully fetched complaint for case_id: CASE_961F8F4ACB625F1D
[2025-05-18 23:11:42] Request method: GET
[2025-05-18 23:11:42] API Error: Unknown column 'sender' in 'field list'
[2025-05-18 23:11:42] Request method: GET
[2025-05-18 23:11:42] Invalid status 'Not seen' for case_id: CASE_961F8F4ACB625F1D, defaulting to pending
[2025-05-18 23:11:42] Successfully fetched complaint for case_id: CASE_961F8F4ACB625F1D
[2025-05-18 23:11:42] Request method: GET
[2025-05-18 23:11:42] Invalid status 'Not seen' for case_id: CASE_961F8F4ACB625F1D, defaulting to pending
[2025-05-18 23:11:42] Successfully fetched complaint for case_id: CASE_961F8F4ACB625F1D
[2025-05-18 23:11:42] Request method: GET
[2025-05-18 23:11:42] API Error: Unknown column 'sender' in 'field list'
[2025-05-18 23:11:42] Request method: GET
[2025-05-18 23:11:42] API Error: Unknown column 'sender' in 'field list'
[18-May-2025 23:12:12 Europe/Berlin] agency-dashboard.php - Case ID: CASE_429267C748D4D0F1, Progress: in process
[18-May-2025 23:12:12 Europe/Berlin] agency-dashboard.php - Case ID: CASE_675E018188DAC378, Progress: resolved
[18-May-2025 23:12:12 Europe/Berlin] agency-dashboard.php - Case ID: CASE_961F8F4ACB625F1D, Progress: not seen
[18-May-2025 23:12:12 Europe/Berlin] agency-dashboard.php - Case ID: CASE_9191A619D7E5FB21, Progress: not seen
[18-May-2025 23:12:12 Europe/Berlin] agency-dashboard.php - Case ID: CASE_911098123F398141, Progress: not seen
[18-May-2025 23:12:12 Europe/Berlin] agency-dashboard.php - Case ID: CASE_429267C748D4D0F1, Progress: in process
[18-May-2025 23:12:12 Europe/Berlin] agency-dashboard.php - Case ID: CASE_675E018188DAC378, Progress: resolved
[18-May-2025 23:12:12 Europe/Berlin] agency-dashboard.php - Case ID: CASE_961F8F4ACB625F1D, Progress: not seen
[18-May-2025 23:12:12 Europe/Berlin] agency-dashboard.php - Case ID: CASE_9191A619D7E5FB21, Progress: not seen
[18-May-2025 23:12:12 Europe/Berlin] agency-dashboard.php - Case ID: CASE_911098123F398141, Progress: not seen
[2025-05-18 23:12:15] Request method: GET
[2025-05-18 23:12:15] Invalid status 'in process' for case_id: CASE_429267C748D4D0F1, defaulting to pending
[2025-05-18 23:12:15] Successfully fetched complaint for case_id: CASE_429267C748D4D0F1
[2025-05-18 23:12:15] Request method: GET
[2025-05-18 23:12:15] Request method: GET
[2025-05-18 23:12:15] API Error: Unknown column 'sender' in 'field list'
[2025-05-18 23:12:15] Invalid status 'in process' for case_id: CASE_429267C748D4D0F1, defaulting to pending
[2025-05-18 23:12:15] Successfully fetched complaint for case_id: CASE_429267C748D4D0F1
[2025-05-18 23:12:15] Request method: GET
[2025-05-18 23:12:15] API Error: Unknown column 'sender' in 'field list'
[2025-05-18 23:12:17] Request method: GET
[2025-05-18 23:12:17] Invalid status 'in process' for case_id: CASE_429267C748D4D0F1, defaulting to pending
[2025-05-18 23:12:17] Successfully fetched complaint for case_id: CASE_429267C748D4D0F1
[2025-05-18 23:12:17] Request method: GET
[2025-05-18 23:12:17] Invalid status 'in process' for case_id: CASE_429267C748D4D0F1, defaulting to pending
[2025-05-18 23:12:17] Successfully fetched complaint for case_id: CASE_429267C748D4D0F1
[2025-05-18 23:12:17] Request method: GET
[2025-05-18 23:12:17] API Error: Unknown column 'sender' in 'field list'
[2025-05-18 23:12:17] Request method: GET
[2025-05-18 23:12:17] API Error: Unknown column 'sender' in 'field list'
[2025-05-18 23:12:18] Request method: GET
[2025-05-18 23:12:18] Invalid status 'in process' for case_id: CASE_429267C748D4D0F1, defaulting to pending
[2025-05-18 23:12:18] Successfully fetched complaint for case_id: CASE_429267C748D4D0F1
[2025-05-18 23:12:18] Request method: GET
[2025-05-18 23:12:18] Request method: GET
[2025-05-18 23:12:18] API Error: Unknown column 'sender' in 'field list'
[2025-05-18 23:12:18] Invalid status 'in process' for case_id: CASE_429267C748D4D0F1, defaulting to pending
[2025-05-18 23:12:18] Successfully fetched complaint for case_id: CASE_429267C748D4D0F1
[2025-05-18 23:12:18] Request method: GET
[2025-05-18 23:12:18] API Error: Unknown column 'sender' in 'field list'
[2025-05-18 23:12:19] Request method: GET
[2025-05-18 23:12:19] Invalid status 'in process' for case_id: CASE_429267C748D4D0F1, defaulting to pending
[2025-05-18 23:12:19] Successfully fetched complaint for case_id: CASE_429267C748D4D0F1
[2025-05-18 23:12:19] Request method: GET
[2025-05-18 23:12:19] Request method: GET
[2025-05-18 23:12:19] API Error: Unknown column 'sender' in 'field list'
[2025-05-18 23:12:19] Invalid status 'in process' for case_id: CASE_429267C748D4D0F1, defaulting to pending
[2025-05-18 23:12:19] Successfully fetched complaint for case_id: CASE_429267C748D4D0F1
[2025-05-18 23:12:19] Request method: GET
[2025-05-18 23:12:19] API Error: Unknown column 'sender' in 'field list'
[2025-05-18 23:12:20] Request method: GET
[2025-05-18 23:12:20] Invalid status 'in process' for case_id: CASE_429267C748D4D0F1, defaulting to pending
[2025-05-18 23:12:20] Successfully fetched complaint for case_id: CASE_429267C748D4D0F1
[2025-05-18 23:12:20] Request method: GET
[2025-05-18 23:12:20] Request method: GET
[2025-05-18 23:12:20] API Error: Unknown column 'sender' in 'field list'
[2025-05-18 23:12:20] Invalid status 'in process' for case_id: CASE_429267C748D4D0F1, defaulting to pending
[2025-05-18 23:12:20] Successfully fetched complaint for case_id: CASE_429267C748D4D0F1
[2025-05-18 23:12:20] Request method: GET
[2025-05-18 23:12:20] API Error: Unknown column 'sender' in 'field list'
[2025-05-18 23:12:20] Request method: GET
[2025-05-18 23:12:20] Invalid status 'in process' for case_id: CASE_429267C748D4D0F1, defaulting to pending
[2025-05-18 23:12:20] Successfully fetched complaint for case_id: CASE_429267C748D4D0F1
[2025-05-18 23:12:20] Request method: GET
[2025-05-18 23:12:20] Request method: GET
[2025-05-18 23:12:20] API Error: Unknown column 'sender' in 'field list'
[2025-05-18 23:12:20] Invalid status 'in process' for case_id: CASE_429267C748D4D0F1, defaulting to pending
[2025-05-18 23:12:20] Successfully fetched complaint for case_id: CASE_429267C748D4D0F1
[2025-05-18 23:12:20] Request method: GET
[2025-05-18 23:12:20] API Error: Unknown column 'sender' in 'field list'
[2025-05-18 23:12:21] Request method: GET
[2025-05-18 23:12:21] Invalid status 'in process' for case_id: CASE_429267C748D4D0F1, defaulting to pending
[2025-05-18 23:12:21] Successfully fetched complaint for case_id: CASE_429267C748D4D0F1
[2025-05-18 23:12:21] Request method: GET
[2025-05-18 23:12:21] Request method: GET
[2025-05-18 23:12:21] API Error: Unknown column 'sender' in 'field list'
[2025-05-18 23:12:21] Invalid status 'in process' for case_id: CASE_429267C748D4D0F1, defaulting to pending
[2025-05-18 23:12:21] Successfully fetched complaint for case_id: CASE_429267C748D4D0F1
[2025-05-18 23:12:21] Request method: GET
[2025-05-18 23:12:21] API Error: Unknown column 'sender' in 'field list'
[2025-05-18 23:12:21] Request method: GET
[2025-05-18 23:12:21] Invalid status 'in process' for case_id: CASE_429267C748D4D0F1, defaulting to pending
[2025-05-18 23:12:21] Successfully fetched complaint for case_id: CASE_429267C748D4D0F1
[2025-05-18 23:12:21] Request method: GET
[2025-05-18 23:12:21] Request method: GET
[2025-05-18 23:12:21] Invalid status 'in process' for case_id: CASE_429267C748D4D0F1, defaulting to pending
[2025-05-18 23:12:21] Successfully fetched complaint for case_id: CASE_429267C748D4D0F1
[2025-05-18 23:12:21] API Error: Unknown column 'sender' in 'field list'
[2025-05-18 23:12:21] Request method: GET
[2025-05-18 23:12:21] API Error: Unknown column 'sender' in 'field list'
[2025-05-18 23:12:21] Request method: GET
[2025-05-18 23:12:21] Invalid status 'in process' for case_id: CASE_429267C748D4D0F1, defaulting to pending
[2025-05-18 23:12:21] Successfully fetched complaint for case_id: CASE_429267C748D4D0F1
[2025-05-18 23:12:21] Request method: GET
[2025-05-18 23:12:21] Request method: GET
[2025-05-18 23:12:21] API Error: Unknown column 'sender' in 'field list'
[2025-05-18 23:12:21] Invalid status 'in process' for case_id: CASE_429267C748D4D0F1, defaulting to pending
[2025-05-18 23:12:21] Successfully fetched complaint for case_id: CASE_429267C748D4D0F1
[2025-05-18 23:12:22] Request method: GET
[2025-05-18 23:12:22] API Error: Unknown column 'sender' in 'field list'
[2025-05-18 23:12:22] Request method: GET
[2025-05-18 23:12:22] Invalid status 'in process' for case_id: CASE_429267C748D4D0F1, defaulting to pending
[2025-05-18 23:12:22] Successfully fetched complaint for case_id: CASE_429267C748D4D0F1
[2025-05-18 23:12:22] Request method: GET
[2025-05-18 23:12:22] Request method: GET
[2025-05-18 23:12:22] API Error: Unknown column 'sender' in 'field list'
[2025-05-18 23:12:22] Invalid status 'in process' for case_id: CASE_429267C748D4D0F1, defaulting to pending
[2025-05-18 23:12:22] Successfully fetched complaint for case_id: CASE_429267C748D4D0F1
[2025-05-18 23:12:22] Request method: GET
[2025-05-18 23:12:22] API Error: Unknown column 'sender' in 'field list'
[2025-05-18 23:12:22] Request method: GET
[2025-05-18 23:12:22] Invalid status 'in process' for case_id: CASE_429267C748D4D0F1, defaulting to pending
[2025-05-18 23:12:22] Successfully fetched complaint for case_id: CASE_429267C748D4D0F1
[2025-05-18 23:12:22] Request method: GET
[2025-05-18 23:12:22] Invalid status 'in process' for case_id: CASE_429267C748D4D0F1, defaulting to pending
[2025-05-18 23:12:22] Successfully fetched complaint for case_id: CASE_429267C748D4D0F1
[2025-05-18 23:12:22] Request method: GET
[2025-05-18 23:12:22] API Error: Unknown column 'sender' in 'field list'
[2025-05-18 23:12:22] Request method: GET
[2025-05-18 23:12:22] API Error: Unknown column 'sender' in 'field list'
[2025-05-18 23:12:23] Request method: GET
[2025-05-18 23:12:23] Invalid status 'in process' for case_id: CASE_429267C748D4D0F1, defaulting to pending
[2025-05-18 23:12:23] Successfully fetched complaint for case_id: CASE_429267C748D4D0F1
[2025-05-18 23:12:23] Request method: GET
[2025-05-18 23:12:23] Request method: GET
[2025-05-18 23:12:23] API Error: Unknown column 'sender' in 'field list'
[2025-05-18 23:12:23] Invalid status 'in process' for case_id: CASE_429267C748D4D0F1, defaulting to pending
[2025-05-18 23:12:23] Successfully fetched complaint for case_id: CASE_429267C748D4D0F1
[2025-05-18 23:12:23] Request method: GET
[2025-05-18 23:12:23] API Error: Unknown column 'sender' in 'field list'
[2025-05-18 23:12:23] Request method: GET
[2025-05-18 23:12:23] Invalid status 'in process' for case_id: CASE_429267C748D4D0F1, defaulting to pending
[2025-05-18 23:12:23] Successfully fetched complaint for case_id: CASE_429267C748D4D0F1
[2025-05-18 23:12:23] Request method: GET
[2025-05-18 23:12:23] Request method: GET
[2025-05-18 23:12:23] API Error: Unknown column 'sender' in 'field list'
[2025-05-18 23:12:23] Invalid status 'in process' for case_id: CASE_429267C748D4D0F1, defaulting to pending
[2025-05-18 23:12:23] Successfully fetched complaint for case_id: CASE_429267C748D4D0F1
[2025-05-18 23:12:23] Request method: GET
[2025-05-18 23:12:23] API Error: Unknown column 'sender' in 'field list'
[2025-05-18 23:12:23] Request method: GET
[2025-05-18 23:12:23] Invalid status 'in process' for case_id: CASE_429267C748D4D0F1, defaulting to pending
[2025-05-18 23:12:23] Successfully fetched complaint for case_id: CASE_429267C748D4D0F1
[2025-05-18 23:12:23] Request method: GET
[2025-05-18 23:12:23] Request method: GET
[2025-05-18 23:12:23] API Error: Unknown column 'sender' in 'field list'
[2025-05-18 23:12:23] Invalid status 'in process' for case_id: CASE_429267C748D4D0F1, defaulting to pending
[2025-05-18 23:12:23] Successfully fetched complaint for case_id: CASE_429267C748D4D0F1
[2025-05-18 23:12:23] Request method: GET
[2025-05-18 23:12:23] API Error: Unknown column 'sender' in 'field list'
[2025-05-18 23:12:23] Request method: GET
[2025-05-18 23:12:23] Invalid status 'in process' for case_id: CASE_429267C748D4D0F1, defaulting to pending
[2025-05-18 23:12:23] Successfully fetched complaint for case_id: CASE_429267C748D4D0F1
[2025-05-18 23:12:23] Request method: GET
[2025-05-18 23:12:24] Request method: GET
[2025-05-18 23:12:24] API Error: Unknown column 'sender' in 'field list'
[2025-05-18 23:12:24] Invalid status 'in process' for case_id: CASE_429267C748D4D0F1, defaulting to pending
[2025-05-18 23:12:24] Successfully fetched complaint for case_id: CASE_429267C748D4D0F1
[2025-05-18 23:12:24] Request method: GET
[2025-05-18 23:12:24] API Error: Unknown column 'sender' in 'field list'
[2025-05-18 23:12:24] Request method: GET
[2025-05-18 23:12:24] Invalid status 'in process' for case_id: CASE_429267C748D4D0F1, defaulting to pending
[2025-05-18 23:12:24] Successfully fetched complaint for case_id: CASE_429267C748D4D0F1
[2025-05-18 23:12:24] Request method: GET
[2025-05-18 23:12:24] Request method: GET
[2025-05-18 23:12:24] API Error: Unknown column 'sender' in 'field list'
[2025-05-18 23:12:24] Invalid status 'in process' for case_id: CASE_429267C748D4D0F1, defaulting to pending
[2025-05-18 23:12:24] Successfully fetched complaint for case_id: CASE_429267C748D4D0F1
[2025-05-18 23:12:24] Request method: GET
[2025-05-18 23:12:24] API Error: Unknown column 'sender' in 'field list'
[2025-05-18 23:12:24] Request method: GET
[2025-05-18 23:12:24] Invalid status 'in process' for case_id: CASE_429267C748D4D0F1, defaulting to pending
[2025-05-18 23:12:24] Successfully fetched complaint for case_id: CASE_429267C748D4D0F1
[2025-05-18 23:12:24] Request method: GET
[2025-05-18 23:12:24] Request method: GET
[2025-05-18 23:12:24] Invalid status 'in process' for case_id: CASE_429267C748D4D0F1, defaulting to pending
[2025-05-18 23:12:24] Successfully fetched complaint for case_id: CASE_429267C748D4D0F1
[2025-05-18 23:12:24] API Error: Unknown column 'sender' in 'field list'
[2025-05-18 23:12:24] Request method: GET
[2025-05-18 23:12:24] API Error: Unknown column 'sender' in 'field list'
[18-May-2025 23:12:27 Europe/Berlin] agency-dashboard.php - Case ID: CASE_429267C748D4D0F1, Progress: in process
[18-May-2025 23:12:27 Europe/Berlin] agency-dashboard.php - Case ID: CASE_675E018188DAC378, Progress: resolved
[18-May-2025 23:12:27 Europe/Berlin] agency-dashboard.php - Case ID: CASE_961F8F4ACB625F1D, Progress: not seen
[18-May-2025 23:12:27 Europe/Berlin] agency-dashboard.php - Case ID: CASE_9191A619D7E5FB21, Progress: not seen
[18-May-2025 23:12:27 Europe/Berlin] agency-dashboard.php - Case ID: CASE_911098123F398141, Progress: not seen
[18-May-2025 23:12:27 Europe/Berlin] agency-dashboard.php - Case ID: CASE_429267C748D4D0F1, Progress: in process
[18-May-2025 23:12:27 Europe/Berlin] agency-dashboard.php - Case ID: CASE_675E018188DAC378, Progress: resolved
[18-May-2025 23:12:27 Europe/Berlin] agency-dashboard.php - Case ID: CASE_961F8F4ACB625F1D, Progress: not seen
[18-May-2025 23:12:27 Europe/Berlin] agency-dashboard.php - Case ID: CASE_9191A619D7E5FB21, Progress: not seen
[18-May-2025 23:12:27 Europe/Berlin] agency-dashboard.php - Case ID: CASE_911098123F398141, Progress: not seen
[2025-05-18 23:12:33] Request method: GET
[2025-05-18 23:12:33] Invalid status 'Not seen' for case_id: CASE_911098123F398141, defaulting to pending
[2025-05-18 23:12:33] Successfully fetched complaint for case_id: CASE_911098123F398141
[2025-05-18 23:12:33] Request method: GET
[2025-05-18 23:12:33] Request method: GET
[2025-05-18 23:12:33] Invalid status 'Not seen' for case_id: CASE_911098123F398141, defaulting to pending
[2025-05-18 23:12:33] Successfully fetched complaint for case_id: CASE_911098123F398141
[2025-05-18 23:12:33] API Error: Unknown column 'sender' in 'field list'
[2025-05-18 23:12:33] Request method: GET
[2025-05-18 23:12:33] API Error: Unknown column 'sender' in 'field list'
[2025-05-18 23:13:17] Request method: GET
[2025-05-18 23:13:17] Request method: GET
[2025-05-18 23:13:17] Invalid status 'Not seen' for case_id: CASE_911098123F398141, defaulting to pending
[2025-05-18 23:13:17] Successfully fetched complaint for case_id: CASE_911098123F398141
[2025-05-18 23:13:17] Invalid status 'Not seen' for case_id: CASE_911098123F398141, defaulting to pending
[2025-05-18 23:13:17] Successfully fetched complaint for case_id: CASE_911098123F398141
[2025-05-18 23:13:17] Request method: GET
[2025-05-18 23:13:17] API Error: Unknown column 'sender' in 'field list'
[2025-05-18 23:13:17] API Error: Unknown column 'sender' in 'field list'
[18-May-2025 23:13:19 Europe/Berlin] agency-dashboard.php - Case ID: CASE_429267C748D4D0F1, Progress: in process
[18-May-2025 23:13:19 Europe/Berlin] agency-dashboard.php - Case ID: CASE_675E018188DAC378, Progress: resolved
[18-May-2025 23:13:19 Europe/Berlin] agency-dashboard.php - Case ID: CASE_961F8F4ACB625F1D, Progress: not seen
[18-May-2025 23:13:19 Europe/Berlin] agency-dashboard.php - Case ID: CASE_9191A619D7E5FB21, Progress: not seen
[18-May-2025 23:13:19 Europe/Berlin] agency-dashboard.php - Case ID: CASE_911098123F398141, Progress: not seen
[18-May-2025 23:13:19 Europe/Berlin] agency-dashboard.php - Case ID: CASE_429267C748D4D0F1, Progress: in process
[18-May-2025 23:13:19 Europe/Berlin] agency-dashboard.php - Case ID: CASE_675E018188DAC378, Progress: resolved
[18-May-2025 23:13:19 Europe/Berlin] agency-dashboard.php - Case ID: CASE_961F8F4ACB625F1D, Progress: not seen
[18-May-2025 23:13:19 Europe/Berlin] agency-dashboard.php - Case ID: CASE_9191A619D7E5FB21, Progress: not seen
[18-May-2025 23:13:19 Europe/Berlin] agency-dashboard.php - Case ID: CASE_911098123F398141, Progress: not seen
[2025-05-18 23:13:22] Request method: GET
[2025-05-18 23:13:22] Invalid status 'in process' for case_id: CASE_429267C748D4D0F1, defaulting to pending
[2025-05-18 23:13:22] Successfully fetched complaint for case_id: CASE_429267C748D4D0F1
[2025-05-18 23:13:22] Successfully fetched complaint for case_id: CASE_429267C748D4D0F1
[2025-05-18 23:13:22] Request method: GET
[2025-05-18 23:13:22] API Error: Unknown column 'sender' in 'field list'
[2025-05-18 23:13:22] API Error: Unknown column 'sender' in 'field list'
[2025-05-18 23:13:28] Request method: GET
[2025-05-18 23:13:28] Invalid status 'in process' for case_id: CASE_429267C748D4D0F1, defaulting to pending
[2025-05-18 23:13:28] Successfully fetched complaint for case_id: CASE_429267C748D4D0F1
[2025-05-18 23:13:28] Request method: GET
[2025-05-18 23:13:28] API Error: Unknown column 'sender' in 'field list'
[2025-05-18 23:13:34] Request method: GET
[2025-05-18 23:13:34] Invalid status 'in process' for case_id: CASE_429267C748D4D0F1, defaulting to pending
[2025-05-18 23:13:34] Successfully fetched complaint for case_id: CASE_429267C748D4D0F1
[2025-05-18 23:13:34] Request method: GET
[2025-05-18 23:13:34] API Error: Unknown column 'sender' in 'field list'
[2025-05-18 23:13:36] Request method: GET
[2025-05-18 23:13:36] Invalid status 'in process' for case_id: CASE_429267C748D4D0F1, defaulting to pending
[2025-05-18 23:13:36] Successfully fetched complaint for case_id: CASE_429267C748D4D0F1
[2025-05-18 23:13:36] Request method: GET
[2025-05-18 23:13:36] API Error: Unknown column 'sender' in 'field list'
[2025-05-18 23:13:39] Request method: GET
[2025-05-18 23:13:39] Invalid status 'in process' for case_id: CASE_429267C748D4D0F1, defaulting to pending
[2025-05-18 23:13:39] Successfully fetched complaint for case_id: CASE_429267C748D4D0F1
[2025-05-18 23:13:39] Request method: GET
[2025-05-18 23:13:39] API Error: Unknown column 'sender' in 'field list'
[18-May-2025 23:14:08 Europe/Berlin] agency-dashboard.php - Case ID: CASE_429267C748D4D0F1, Progress: in process
[18-May-2025 23:14:08 Europe/Berlin] agency-dashboard.php - Case ID: CASE_675E018188DAC378, Progress: resolved
[18-May-2025 23:14:08 Europe/Berlin] agency-dashboard.php - Case ID: CASE_961F8F4ACB625F1D, Progress: not seen
[18-May-2025 23:14:08 Europe/Berlin] agency-dashboard.php - Case ID: CASE_9191A619D7E5FB21, Progress: not seen
[18-May-2025 23:14:08 Europe/Berlin] agency-dashboard.php - Case ID: CASE_911098123F398141, Progress: not seen
[18-May-2025 23:14:08 Europe/Berlin] agency-dashboard.php - Case ID: CASE_429267C748D4D0F1, Progress: in process
[18-May-2025 23:14:08 Europe/Berlin] agency-dashboard.php - Case ID: CASE_675E018188DAC378, Progress: resolved
[18-May-2025 23:14:08 Europe/Berlin] agency-dashboard.php - Case ID: CASE_961F8F4ACB625F1D, Progress: not seen
[18-May-2025 23:14:08 Europe/Berlin] agency-dashboard.php - Case ID: CASE_9191A619D7E5FB21, Progress: not seen
[18-May-2025 23:14:08 Europe/Berlin] agency-dashboard.php - Case ID: CASE_911098123F398141, Progress: not seen
[2025-05-18 23:14:12] Request method: GET
[2025-05-18 23:14:12] Invalid status 'Not seen' for case_id: CASE_9191A619D7E5FB21, defaulting to pending
[2025-05-18 23:14:12] Successfully fetched complaint for case_id: CASE_9191A619D7E5FB21
[2025-05-18 23:14:12] Request method: GET
[2025-05-18 23:14:12] Request method: GET
[2025-05-18 23:14:12] API Error: Unknown column 'sender' in 'field list'
[2025-05-18 23:14:12] Invalid status 'Not seen' for case_id: CASE_9191A619D7E5FB21, defaulting to pending
[2025-05-18 23:14:12] Successfully fetched complaint for case_id: CASE_9191A619D7E5FB21
[2025-05-18 23:14:12] Request method: GET
[2025-05-18 23:14:12] API Error: Unknown column 'sender' in 'field list'
[2025-05-18 23:14:14] Request method: GET
[2025-05-18 23:14:14] Invalid status 'Not seen' for case_id: CASE_9191A619D7E5FB21, defaulting to pending
[2025-05-18 23:14:14] Successfully fetched complaint for case_id: CASE_9191A619D7E5FB21
[2025-05-18 23:14:14] Request method: GET
[2025-05-18 23:14:14] Invalid status 'Not seen' for case_id: CASE_9191A619D7E5FB21, defaulting to pending
[2025-05-18 23:14:14] Successfully fetched complaint for case_id: CASE_9191A619D7E5FB21
[2025-05-18 23:14:14] Request method: GET
[2025-05-18 23:14:14] API Error: Unknown column 'sender' in 'field list'
[2025-05-18 23:14:14] Request method: GET
[2025-05-18 23:14:14] API Error: Unknown column 'sender' in 'field list'
[2025-05-18 23:14:33] Request method: GET
[2025-05-18 23:14:33] Invalid status 'Not seen' for case_id: CASE_9191A619D7E5FB21, defaulting to pending
[2025-05-18 23:14:33] Successfully fetched complaint for case_id: CASE_9191A619D7E5FB21
[2025-05-18 23:14:33] Request method: GET
[2025-05-18 23:14:33] API Error: Unknown column 'sender' in 'field list'
[18-May-2025 23:15:03 Europe/Berlin] agency-dashboard.php - Case ID: CASE_429267C748D4D0F1, Progress: in process
[18-May-2025 23:15:03 Europe/Berlin] agency-dashboard.php - Case ID: CASE_429267C748D4D0F1, Progress: in process
[18-May-2025 23:15:03 Europe/Berlin] agency-dashboard.php - Case ID: CASE_675E018188DAC378, Progress: resolved
[18-May-2025 23:15:03 Europe/Berlin] agency-dashboard.php - Case ID: CASE_675E018188DAC378, Progress: resolved
[18-May-2025 23:15:03 Europe/Berlin] agency-dashboard.php - Case ID: CASE_961F8F4ACB625F1D, Progress: not seen
[18-May-2025 23:15:03 Europe/Berlin] agency-dashboard.php - Case ID: CASE_961F8F4ACB625F1D, Progress: not seen
[18-May-2025 23:15:03 Europe/Berlin] agency-dashboard.php - Case ID: CASE_9191A619D7E5FB21, Progress: not seen
[18-May-2025 23:15:03 Europe/Berlin] agency-dashboard.php - Case ID: CASE_9191A619D7E5FB21, Progress: not seen
[18-May-2025 23:15:03 Europe/Berlin] agency-dashboard.php - Case ID: CASE_911098123F398141, Progress: not seen
[18-May-2025 23:15:03 Europe/Berlin] agency-dashboard.php - Case ID: CASE_911098123F398141, Progress: not seen
[2025-05-18 23:15:39] Request method: POST
[2025-05-18 23:15:39] API Error: Invalid request method: POST
[2025-05-18 23:15:49] Request method: POST
[2025-05-18 23:15:49] API Error: Invalid request method: POST
[2025-05-18 23:17:37] Request method: GET
[2025-05-18 23:17:37] Invalid status 'in process' for case_id: CASE_429267C748D4D0F1, defaulting to pending
[2025-05-18 23:17:37] Successfully fetched complaint for case_id: CASE_429267C748D4D0F1
[2025-05-18 23:17:37] Successfully fetched complaint for case_id: CASE_429267C748D4D0F1
[2025-05-18 23:17:37] Request method: GET
[2025-05-18 23:17:37] API Error: Unknown column 'sender' in 'field list'
[2025-05-18 23:24:11] Request method: GET
[2025-05-18 23:24:11] API Error: Unknown column 'sender' in 'field list'
[18-May-2025 23:24:35 Europe/Berlin] agency-dashboard.php - Case ID: CASE_429267C748D4D0F1, Progress: in process
[18-May-2025 23:24:35 Europe/Berlin] agency-dashboard.php - Case ID: CASE_675E018188DAC378, Progress: resolved
[18-May-2025 23:24:35 Europe/Berlin] agency-dashboard.php - Case ID: CASE_961F8F4ACB625F1D, Progress: not seen
[18-May-2025 23:24:35 Europe/Berlin] agency-dashboard.php - Case ID: CASE_9191A619D7E5FB21, Progress: not seen
[18-May-2025 23:24:35 Europe/Berlin] agency-dashboard.php - Case ID: CASE_911098123F398141, Progress: not seen
[18-May-2025 23:24:35 Europe/Berlin] agency-dashboard.php - Case ID: CASE_429267C748D4D0F1, Progress: in process
[18-May-2025 23:24:35 Europe/Berlin] agency-dashboard.php - Case ID: CASE_675E018188DAC378, Progress: resolved
[18-May-2025 23:24:35 Europe/Berlin] agency-dashboard.php - Case ID: CASE_961F8F4ACB625F1D, Progress: not seen
[18-May-2025 23:24:35 Europe/Berlin] agency-dashboard.php - Case ID: CASE_9191A619D7E5FB21, Progress: not seen
[18-May-2025 23:24:35 Europe/Berlin] agency-dashboard.php - Case ID: CASE_911098123F398141, Progress: not seen
[2025-05-18 23:24:38] Request method: GET
[2025-05-18 23:24:38] API Error: Unknown column 'status' in 'field list'
[2025-05-18 23:24:38] Request method: GET
[2025-05-18 23:24:38] API Error: Unknown column 'status' in 'field list'
[2025-05-18 23:24:40] Request method: GET
[2025-05-18 23:24:40] API Error: Unknown column 'status' in 'field list'
[2025-05-18 23:24:40] Request method: GET
[2025-05-18 23:24:40] API Error: Unknown column 'status' in 'field list'
[2025-05-18 23:24:41] Request method: GET
[2025-05-18 23:24:41] API Error: Unknown column 'status' in 'field list'
[2025-05-18 23:24:41] Request method: GET
[2025-05-18 23:24:41] API Error: Unknown column 'status' in 'field list'
[2025-05-18 23:26:28] Request method: GET
[2025-05-18 23:26:28] API Error: Unknown column 'status' in 'field list'
[2025-05-18 23:26:28] Request method: GET
[2025-05-18 23:26:28] API Error: Unknown column 'status' in 'field list'
[2025-05-18 23:26:31] Request method: GET
[2025-05-18 23:26:31] API Error: Unknown column 'status' in 'field list'
[2025-05-18 23:26:31] Request method: GET
[2025-05-18 23:26:31] API Error: Unknown column 'status' in 'field list'
[18-May-2025 23:26:32 Europe/Berlin] agency-dashboard.php - Case ID: CASE_429267C748D4D0F1, Progress: in process
[18-May-2025 23:26:32 Europe/Berlin] agency-dashboard.php - Case ID: CASE_675E018188DAC378, Progress: resolved
[18-May-2025 23:26:32 Europe/Berlin] agency-dashboard.php - Case ID: CASE_961F8F4ACB625F1D, Progress: not seen
[18-May-2025 23:26:32 Europe/Berlin] agency-dashboard.php - Case ID: CASE_9191A619D7E5FB21, Progress: not seen
[18-May-2025 23:26:32 Europe/Berlin] agency-dashboard.php - Case ID: CASE_911098123F398141, Progress: not seen
[18-May-2025 23:26:32 Europe/Berlin] agency-dashboard.php - Case ID: CASE_429267C748D4D0F1, Progress: in process
[18-May-2025 23:26:32 Europe/Berlin] agency-dashboard.php - Case ID: CASE_675E018188DAC378, Progress: resolved
[18-May-2025 23:26:32 Europe/Berlin] agency-dashboard.php - Case ID: CASE_961F8F4ACB625F1D, Progress: not seen
[18-May-2025 23:26:32 Europe/Berlin] agency-dashboard.php - Case ID: CASE_9191A619D7E5FB21, Progress: not seen
[18-May-2025 23:26:32 Europe/Berlin] agency-dashboard.php - Case ID: CASE_911098123F398141, Progress: not seen
[18-May-2025 23:26:34 Europe/Berlin] agency-dashboard.php - Case ID: CASE_429267C748D4D0F1, Progress: in process
[18-May-2025 23:26:34 Europe/Berlin] agency-dashboard.php - Case ID: CASE_675E018188DAC378, Progress: resolved
[18-May-2025 23:26:34 Europe/Berlin] agency-dashboard.php - Case ID: CASE_961F8F4ACB625F1D, Progress: not seen
[18-May-2025 23:26:34 Europe/Berlin] agency-dashboard.php - Case ID: CASE_9191A619D7E5FB21, Progress: not seen
[18-May-2025 23:26:34 Europe/Berlin] agency-dashboard.php - Case ID: CASE_911098123F398141, Progress: not seen
[18-May-2025 23:26:34 Europe/Berlin] agency-dashboard.php - Case ID: CASE_429267C748D4D0F1, Progress: in process
[18-May-2025 23:26:34 Europe/Berlin] agency-dashboard.php - Case ID: CASE_675E018188DAC378, Progress: resolved
[18-May-2025 23:26:34 Europe/Berlin] agency-dashboard.php - Case ID: CASE_961F8F4ACB625F1D, Progress: not seen
[18-May-2025 23:26:34 Europe/Berlin] agency-dashboard.php - Case ID: CASE_9191A619D7E5FB21, Progress: not seen
[18-May-2025 23:26:34 Europe/Berlin] agency-dashboard.php - Case ID: CASE_911098123F398141, Progress: not seen
[2025-05-18 23:26:37] Request method: GET
[2025-05-18 23:26:37] API Error: Unknown column 'status' in 'field list'
[2025-05-18 23:26:37] Request method: GET
[2025-05-18 23:26:37] API Error: Unknown column 'status' in 'field list'
[2025-05-18 23:26:38] Request method: GET
[2025-05-18 23:26:38] API Error: Unknown column 'status' in 'field list'
[2025-05-18 23:26:38] Request method: GET
[2025-05-18 23:26:38] API Error: Unknown column 'status' in 'field list'
[18-May-2025 23:26:40 Europe/Berlin] agency-dashboard.php - Case ID: CASE_429267C748D4D0F1, Progress: in process
[18-May-2025 23:26:40 Europe/Berlin] agency-dashboard.php - Case ID: CASE_675E018188DAC378, Progress: resolved
[18-May-2025 23:26:40 Europe/Berlin] agency-dashboard.php - Case ID: CASE_961F8F4ACB625F1D, Progress: not seen
[18-May-2025 23:26:40 Europe/Berlin] agency-dashboard.php - Case ID: CASE_9191A619D7E5FB21, Progress: not seen
[18-May-2025 23:26:40 Europe/Berlin] agency-dashboard.php - Case ID: CASE_911098123F398141, Progress: not seen
[18-May-2025 23:26:40 Europe/Berlin] agency-dashboard.php - Case ID: CASE_429267C748D4D0F1, Progress: in process
[18-May-2025 23:26:40 Europe/Berlin] agency-dashboard.php - Case ID: CASE_675E018188DAC378, Progress: resolved
[18-May-2025 23:26:40 Europe/Berlin] agency-dashboard.php - Case ID: CASE_961F8F4ACB625F1D, Progress: not seen
[18-May-2025 23:26:40 Europe/Berlin] agency-dashboard.php - Case ID: CASE_9191A619D7E5FB21, Progress: not seen
[18-May-2025 23:26:40 Europe/Berlin] agency-dashboard.php - Case ID: CASE_911098123F398141, Progress: not seen
[2025-05-18 23:27:06] Request method: GET
[2025-05-18 23:27:06] API Error: Unknown column 'status' in 'field list'
[2025-05-18 23:27:06] Request method: GET
[2025-05-18 23:27:06] API Error: Unknown column 'status' in 'field list'
[2025-05-18 23:32:41] Request method: GET
[2025-05-18 23:32:41] Request method: GET
[2025-05-18 23:32:41] API Error: Unknown column 'status' in 'field list'
[2025-05-18 23:32:41] API Error: Unknown column 'status' in 'field list'
[2025-05-18 23:32:43] Request method: GET
[2025-05-18 23:32:43] Request method: GET
[2025-05-18 23:32:43] API Error: Unknown column 'status' in 'field list'
[2025-05-18 23:32:43] API Error: Unknown column 'status' in 'field list'
[2025-05-18 23:34:04] Request method: GET
[2025-05-18 23:34:04] Request method: GET
[2025-05-18 23:34:04] API Error: Unknown column 'status' in 'field list'
[2025-05-18 23:34:04] API Error: Unknown column 'status' in 'field list'
[2025-05-18 23:34:05] Request method: GET
[2025-05-18 23:34:05] Request method: GET
[2025-05-18 23:34:05] API Error: Unknown column 'status' in 'field list'
[2025-05-18 23:34:05] API Error: Unknown column 'status' in 'field list'
[2025-05-18 23:34:09] Request method: GET
[2025-05-18 23:34:09] API Error: Unknown column 'status' in 'field list'
[2025-05-18 23:34:09] Request method: GET
[2025-05-18 23:34:09] API Error: Unknown column 'status' in 'field list'
[2025-05-18 23:34:36] Request method: GET
[2025-05-18 23:34:36] Request method: GET
[2025-05-18 23:34:36] Request method: GET
[2025-05-18 23:34:36] API Error: Unknown column 'status' in 'field list'
[2025-05-18 23:34:36] API Error: Unknown column 'status' in 'field list'
[2025-05-18 23:34:36] API Error: Unknown column 'status' in 'field list'
[2025-05-18 23:34:44] Request method: GET
[2025-05-18 23:34:44] Request method: GET
[2025-05-18 23:34:44] API Error: Unknown column 'status' in 'field list'
[2025-05-18 23:34:44] API Error: Unknown column 'status' in 'field list'
[2025-05-18 23:34:46] Request method: GET
[2025-05-18 23:34:46] Request method: GET
[2025-05-18 23:34:46] API Error: Unknown column 'status' in 'field list'
[2025-05-18 23:34:46] API Error: Unknown column 'status' in 'field list'
[2025-05-18 23:35:01] Request method: GET
[2025-05-18 23:35:01] Request method: GET
[2025-05-18 23:35:01] API Error: Unknown column 'status' in 'field list'
[2025-05-18 23:35:01] API Error: Unknown column 'status' in 'field list'
[2025-05-18 23:35:01] API Error: Unknown column 'status' in 'field list'
[2025-05-18 23:35:20] Request method: GET
[2025-05-18 23:35:20] Request method: GET
[2025-05-18 23:35:20] Request method: GET
[2025-05-18 23:35:20] API Error: Unknown column 'status' in 'field list'
[2025-05-18 23:35:20] API Error: Unknown column 'status' in 'field list'
[2025-05-18 23:35:20] API Error: Unknown column 'status' in 'field list'
[2025-05-18 23:35:28] Request method: GET
[2025-05-18 23:35:28] API Error: Unknown column 'status' in 'field list'
[2025-05-18 23:35:28] Request method: GET
[2025-05-18 23:35:28] API Error: Unknown column 'status' in 'field list'
[2025-05-18 23:36:39] Request method: POST
[2025-05-18 23:36:39] Raw input: 
[2025-05-18 23:36:39] JSON decode error: Syntax error
[18-May-2025 23:38:32 Europe/Berlin] agency-dashboard.php - Case ID: CASE_429267C748D4D0F1, Progress: in process
[18-May-2025 23:38:32 Europe/Berlin] agency-dashboard.php - Case ID: CASE_675E018188DAC378, Progress: resolved
[18-May-2025 23:38:32 Europe/Berlin] agency-dashboard.php - Case ID: CASE_961F8F4ACB625F1D, Progress: not seen
[18-May-2025 23:38:32 Europe/Berlin] agency-dashboard.php - Case ID: CASE_9191A619D7E5FB21, Progress: not seen
[18-May-2025 23:38:32 Europe/Berlin] agency-dashboard.php - Case ID: CASE_911098123F398141, Progress: not seen
[18-May-2025 23:38:32 Europe/Berlin] agency-dashboard.php - Case ID: CASE_429267C748D4D0F1, Progress: in process
[18-May-2025 23:38:32 Europe/Berlin] agency-dashboard.php - Case ID: CASE_675E018188DAC378, Progress: resolved
[18-May-2025 23:38:32 Europe/Berlin] agency-dashboard.php - Case ID: CASE_961F8F4ACB625F1D, Progress: not seen
[18-May-2025 23:38:32 Europe/Berlin] agency-dashboard.php - Case ID: CASE_9191A619D7E5FB21, Progress: not seen
[18-May-2025 23:38:32 Europe/Berlin] agency-dashboard.php - Case ID: CASE_911098123F398141, Progress: not seen
[18-May-2025 23:38:33 Europe/Berlin] agency-dashboard.php - Case ID: CASE_429267C748D4D0F1, Progress: in process
[18-May-2025 23:38:33 Europe/Berlin] agency-dashboard.php - Case ID: CASE_429267C748D4D0F1, Progress: in process
[18-May-2025 23:38:33 Europe/Berlin] agency-dashboard.php - Case ID: CASE_675E018188DAC378, Progress: resolved
[18-May-2025 23:38:33 Europe/Berlin] agency-dashboard.php - Case ID: CASE_675E018188DAC378, Progress: resolved
[18-May-2025 23:38:33 Europe/Berlin] agency-dashboard.php - Case ID: CASE_961F8F4ACB625F1D, Progress: not seen
[18-May-2025 23:38:33 Europe/Berlin] agency-dashboard.php - Case ID: CASE_961F8F4ACB625F1D, Progress: not seen
[18-May-2025 23:38:33 Europe/Berlin] agency-dashboard.php - Case ID: CASE_9191A619D7E5FB21, Progress: not seen
[18-May-2025 23:38:33 Europe/Berlin] agency-dashboard.php - Case ID: CASE_9191A619D7E5FB21, Progress: not seen
[18-May-2025 23:38:33 Europe/Berlin] agency-dashboard.php - Case ID: CASE_911098123F398141, Progress: not seen
[18-May-2025 23:38:33 Europe/Berlin] agency-dashboard.php - Case ID: CASE_911098123F398141, Progress: not seen
[2025-05-18 23:38:41] Request method: GET
[2025-05-18 23:38:41] Request method: GET
[2025-05-18 23:38:41] API Error: Unknown column 'status' in 'field list'
[2025-05-18 23:38:41] API Error: Unknown column 'status' in 'field list'
[2025-05-18 23:40:15] Request method: GET
[2025-05-18 23:40:15] API Error: Unknown column 'coordinates' in 'field list'
[2025-05-18 23:40:15] Request method: GET
[2025-05-18 23:40:15] API Error: Unknown column 'coordinates' in 'field list'
[2025-05-18 23:40:15] Request method: GET
[2025-05-18 23:40:15] Request method: GET
[2025-05-18 23:40:15] Request method: GET
[2025-05-18 23:40:15] API Error: Unknown column 'coordinates' in 'field list'
[2025-05-18 23:40:15] API Error: Unknown column 'coordinates' in 'field list'
[2025-05-18 23:40:15] API Error: Unknown column 'coordinates' in 'field list'
[2025-05-18 23:40:15] Request method: GET
[2025-05-18 23:40:15] API Error: Unknown column 'coordinates' in 'field list'
[18-May-2025 23:40:40 Europe/Berlin] agency-dashboard.php - Case ID: CASE_429267C748D4D0F1, Progress: in process
[18-May-2025 23:40:40 Europe/Berlin] agency-dashboard.php - Case ID: CASE_675E018188DAC378, Progress: resolved
[18-May-2025 23:40:40 Europe/Berlin] agency-dashboard.php - Case ID: CASE_961F8F4ACB625F1D, Progress: not seen
[18-May-2025 23:40:40 Europe/Berlin] agency-dashboard.php - Case ID: CASE_9191A619D7E5FB21, Progress: not seen
[18-May-2025 23:40:40 Europe/Berlin] agency-dashboard.php - Case ID: CASE_911098123F398141, Progress: not seen
[18-May-2025 23:40:40 Europe/Berlin] agency-dashboard.php - Case ID: CASE_429267C748D4D0F1, Progress: in process
[18-May-2025 23:40:40 Europe/Berlin] agency-dashboard.php - Case ID: CASE_675E018188DAC378, Progress: resolved
[18-May-2025 23:40:40 Europe/Berlin] agency-dashboard.php - Case ID: CASE_961F8F4ACB625F1D, Progress: not seen
[18-May-2025 23:40:40 Europe/Berlin] agency-dashboard.php - Case ID: CASE_9191A619D7E5FB21, Progress: not seen
[18-May-2025 23:40:40 Europe/Berlin] agency-dashboard.php - Case ID: CASE_911098123F398141, Progress: not seen
[2025-05-18 23:40:42] Request method: GET
[2025-05-18 23:40:42] API Error: Unknown column 'coordinates' in 'field list'
[2025-05-18 23:40:42] Request method: GET
[2025-05-18 23:40:42] API Error: Unknown column 'coordinates' in 'field list'
[2025-05-18 23:40:44] Request method: GET
[2025-05-18 23:40:44] API Error: Unknown column 'coordinates' in 'field list'
[2025-05-18 23:40:44] Request method: GET
[2025-05-18 23:40:44] API Error: Unknown column 'coordinates' in 'field list'
[2025-05-18 23:42:23] Request method: GET
[2025-05-18 23:42:23] Request method: GET
[18-May-2025 23:42:23 Europe/Berlin] PHP Warning:  Undefined array key "coordinates" in D:\xampp\htdocs\My project\CivicPulse\server\getInfo.php on line 66
[18-May-2025 23:42:23 Europe/Berlin] PHP Warning:  Undefined array key "coordinates" in D:\xampp\htdocs\My project\CivicPulse\server\getInfo.php on line 66
[2025-05-18 23:42:23] Successfully fetched complaint for case_id: CASE_961F8F4ACB625F1D
[2025-05-18 23:42:23] Successfully fetched complaint for case_id: CASE_961F8F4ACB625F1D
[2025-05-18 23:42:23] Request method: GET
[2025-05-18 23:42:23] Request method: GET
[2025-05-18 23:42:24] API Error: Unknown column 'sender' in 'field list'
[2025-05-18 23:43:40] Request method: GET
[18-May-2025 23:43:40 Europe/Berlin] PHP Warning:  Undefined array key "coordinates" in D:\xampp\htdocs\My project\CivicPulse\server\getInfo.php on line 66
[2025-05-18 23:43:40] Successfully fetched complaint for case_id: CASE_961F8F4ACB625F1D
[2025-05-18 23:43:40] Request method: GET
[18-May-2025 23:43:40 Europe/Berlin] PHP Warning:  Undefined array key "coordinates" in D:\xampp\htdocs\My project\CivicPulse\server\getInfo.php on line 66
[2025-05-18 23:43:40] Successfully fetched complaint for case_id: CASE_961F8F4ACB625F1D
[2025-05-18 23:43:41] Request method: GET
[2025-05-18 23:43:41] API Error: Unknown column 'time' in 'order clause'
[2025-05-18 23:43:41] API Error: Unknown column 'time' in 'order clause'
[2025-05-18 23:44:32] Request method: GET
[18-May-2025 23:44:32 Europe/Berlin] PHP Warning:  Undefined array key "coordinates" in D:\xampp\htdocs\My project\CivicPulse\server\getInfo.php on line 66
[2025-05-18 23:44:32] Successfully fetched complaint for case_id: CASE_961F8F4ACB625F1D
[2025-05-18 23:44:32] Request method: GET
[18-May-2025 23:44:32 Europe/Berlin] PHP Warning:  Undefined array key "coordinates" in D:\xampp\htdocs\My project\CivicPulse\server\getInfo.php on line 66
[2025-05-18 23:44:32] Successfully fetched complaint for case_id: CASE_961F8F4ACB625F1D
[2025-05-18 23:44:32] Request method: GET
[2025-05-18 23:44:32] Request method: GET
[18-May-2025 23:44:32 Europe/Berlin] PHP Warning:  Undefined array key "id" in D:\xampp\htdocs\My project\CivicPulse\server\getDiscussions.php on line 69
[18-May-2025 23:44:32 Europe/Berlin] PHP Warning:  Undefined array key "id" in D:\xampp\htdocs\My project\CivicPulse\server\getDiscussions.php on line 69
[18-May-2025 23:44:32 Europe/Berlin] PHP Warning:  Undefined array key "sender" in D:\xampp\htdocs\My project\CivicPulse\server\getDiscussions.php on line 70
[18-May-2025 23:44:32 Europe/Berlin] PHP Warning:  Undefined array key "sender" in D:\xampp\htdocs\My project\CivicPulse\server\getDiscussions.php on line 70
[18-May-2025 23:44:32 Europe/Berlin] PHP Warning:  Undefined array key "text" in D:\xampp\htdocs\My project\CivicPulse\server\getDiscussions.php on line 71
[18-May-2025 23:44:32 Europe/Berlin] PHP Warning:  Undefined array key "text" in D:\xampp\htdocs\My project\CivicPulse\server\getDiscussions.php on line 71
[18-May-2025 23:44:32 Europe/Berlin] PHP Warning:  Undefined array key "time" in D:\xampp\htdocs\My project\CivicPulse\server\getDiscussions.php on line 72
[18-May-2025 23:44:32 Europe/Berlin] PHP Warning:  Undefined array key "time" in D:\xampp\htdocs\My project\CivicPulse\server\getDiscussions.php on line 72
[18-May-2025 23:44:32 Europe/Berlin] PHP Deprecated:  strtotime(): Passing null to parameter #1 ($datetime) of type string is deprecated in D:\xampp\htdocs\My project\CivicPulse\server\getDiscussions.php on line 72
[18-May-2025 23:44:32 Europe/Berlin] PHP Deprecated:  strtotime(): Passing null to parameter #1 ($datetime) of type string is deprecated in D:\xampp\htdocs\My project\CivicPulse\server\getDiscussions.php on line 72
[2025-05-18 23:44:32] Successfully fetched 1 messages for case_id: CASE_961F8F4ACB625F1D
[2025-05-18 23:44:32] Successfully fetched 1 messages for case_id: CASE_961F8F4ACB625F1D
[2025-05-18 23:46:53] Request method: GET
[2025-05-18 23:46:53] Request method: GET
[18-May-2025 23:46:53 Europe/Berlin] PHP Warning:  Undefined array key "coordinates" in D:\xampp\htdocs\My project\CivicPulse\server\getInfo.php on line 66
[18-May-2025 23:46:53 Europe/Berlin] PHP Warning:  Undefined array key "coordinates" in D:\xampp\htdocs\My project\CivicPulse\server\getInfo.php on line 66
[2025-05-18 23:46:53] Successfully fetched complaint for case_id: CASE_429267C748D4D0F1
[2025-05-18 23:46:53] Successfully fetched complaint for case_id: CASE_429267C748D4D0F1
[2025-05-18 23:46:53] Request method: GET
[2025-05-18 23:46:53] Request method: GET
[2025-05-18 23:46:53] Successfully fetched 0 messages for case_id: CASE_429267C748D4D0F1
[2025-05-18 23:46:53] Successfully fetched 0 messages for case_id: CASE_429267C748D4D0F1
[2025-05-18 23:47:30] Request method: OPTIONS
[2025-05-18 23:47:30] Request method: POST
[2025-05-18 23:47:30] Raw input: {"case_id":"CASE_429267C748D4D0F1","message":"who is its head?","sender":"user"}
[2025-05-18 23:47:30] API Error: Unknown column 'sender' in 'field list'
[2025-05-18 23:49:20] Request method: GET
[18-May-2025 23:49:20 Europe/Berlin] PHP Warning:  Undefined array key "coordinates" in D:\xampp\htdocs\My project\CivicPulse\server\getInfo.php on line 66
[2025-05-18 23:49:20] Successfully fetched complaint for case_id: CASE_429267C748D4D0F1
[2025-05-18 23:49:20] Request method: GET
[18-May-2025 23:49:20 Europe/Berlin] PHP Warning:  Undefined array key "coordinates" in D:\xampp\htdocs\My project\CivicPulse\server\getInfo.php on line 66
[2025-05-18 23:49:20] Successfully fetched complaint for case_id: CASE_429267C748D4D0F1
[2025-05-18 23:49:20] Request method: GET
[2025-05-18 23:49:20] Successfully fetched 0 messages for case_id: CASE_429267C748D4D0F1
[2025-05-18 23:49:20] Request method: GET
[2025-05-18 23:49:20] Successfully fetched 0 messages for case_id: CASE_429267C748D4D0F1
[2025-05-18 23:49:33] Request method: OPTIONS
[2025-05-18 23:49:33] Request method: POST
[2025-05-18 23:49:33] Raw input: {"case_id":"CASE_961F8F4ACB625F1D","message":"hey","sender":"user"}
[2025-05-18 23:49:33] API Error: Unknown column 'sender' in 'field list'
[2025-05-18 23:54:32] Request method: GET
[18-May-2025 23:54:32 Europe/Berlin] PHP Warning:  Undefined array key "coordinates" in D:\xampp\htdocs\My project\CivicPulse\server\getInfo.php on line 66
[2025-05-18 23:54:32] Successfully fetched complaint for case_id: CASE_675E018188DAC378
[2025-05-18 23:54:32] Request method: GET
[18-May-2025 23:54:32 Europe/Berlin] PHP Warning:  Undefined array key "coordinates" in D:\xampp\htdocs\My project\CivicPulse\server\getInfo.php on line 66
[2025-05-18 23:54:32] Successfully fetched complaint for case_id: CASE_675E018188DAC378
[2025-05-18 23:54:32] Request method: GET
[18-May-2025 23:54:32 Europe/Berlin] PHP Warning:  Undefined array key "id" in D:\xampp\htdocs\My project\CivicPulse\server\getDiscussions.php on line 69
[18-May-2025 23:54:32 Europe/Berlin] PHP Warning:  Undefined array key "sender" in D:\xampp\htdocs\My project\CivicPulse\server\getDiscussions.php on line 70
[18-May-2025 23:54:32 Europe/Berlin] PHP Warning:  Undefined array key "text" in D:\xampp\htdocs\My project\CivicPulse\server\getDiscussions.php on line 71
[18-May-2025 23:54:32 Europe/Berlin] PHP Warning:  Undefined array key "time" in D:\xampp\htdocs\My project\CivicPulse\server\getDiscussions.php on line 72
[18-May-2025 23:54:32 Europe/Berlin] PHP Deprecated:  strtotime(): Passing null to parameter #1 ($datetime) of type string is deprecated in D:\xampp\htdocs\My project\CivicPulse\server\getDiscussions.php on line 72
[2025-05-18 23:54:32] Successfully fetched 1 messages for case_id: CASE_675E018188DAC378
[2025-05-18 23:54:32] Request method: GET
[18-May-2025 23:54:32 Europe/Berlin] PHP Warning:  Undefined array key "id" in D:\xampp\htdocs\My project\CivicPulse\server\getDiscussions.php on line 69
[18-May-2025 23:54:32 Europe/Berlin] PHP Warning:  Undefined array key "sender" in D:\xampp\htdocs\My project\CivicPulse\server\getDiscussions.php on line 70
[18-May-2025 23:54:32 Europe/Berlin] PHP Warning:  Undefined array key "text" in D:\xampp\htdocs\My project\CivicPulse\server\getDiscussions.php on line 71
[18-May-2025 23:54:32 Europe/Berlin] PHP Warning:  Undefined array key "time" in D:\xampp\htdocs\My project\CivicPulse\server\getDiscussions.php on line 72
[18-May-2025 23:54:32 Europe/Berlin] PHP Deprecated:  strtotime(): Passing null to parameter #1 ($datetime) of type string is deprecated in D:\xampp\htdocs\My project\CivicPulse\server\getDiscussions.php on line 72
[2025-05-18 23:54:32] Successfully fetched 1 messages for case_id: CASE_675E018188DAC378
[2025-05-18 23:54:44] Request method: OPTIONS
[2025-05-18 23:54:44] Request method: POST
[2025-05-18 23:54:44] Raw input: {"case_id":"CASE_675E018188DAC378","message":"yllh","sender":"user"}
[2025-05-18 23:54:44] Successfully added message for case_id: CASE_675E018188DAC378
[2025-05-18 23:54:52] Request method: OPTIONS
[2025-05-18 23:54:52] Request method: POST
[2025-05-18 23:54:52] Raw input: {"case_id":"CASE_675E018188DAC378"}
[2025-05-18 23:54:52] No complaint found for case_id: CASE_675E018188DAC378
[2025-05-18 23:57:02] Request method: GET
[2025-05-18 23:57:02] Request method: GET
[18-May-2025 23:57:02 Europe/Berlin] PHP Warning:  Undefined array key "coordinates" in D:\xampp\htdocs\My project\CivicPulse\server\getInfo.php on line 66
[2025-05-18 23:57:02] Successfully fetched complaint for case_id: CASE_961F8F4ACB625F1D
[2025-05-18 23:57:02] Request method: GET
[18-May-2025 23:57:02 Europe/Berlin] PHP Warning:  Undefined array key "coordinates" in D:\xampp\htdocs\My project\CivicPulse\server\getInfo.php on line 66
[2025-05-18 23:57:02] Successfully fetched complaint for case_id: CASE_961F8F4ACB625F1D
[2025-05-18 23:57:02] Request method: GET
[18-May-2025 23:57:02 Europe/Berlin] PHP Warning:  Undefined array key "id" in D:\xampp\htdocs\My project\CivicPulse\server\getDiscussions.php on line 69
[18-May-2025 23:57:02 Europe/Berlin] PHP Warning:  Undefined array key "sender" in D:\xampp\htdocs\My project\CivicPulse\server\getDiscussions.php on line 70
[18-May-2025 23:57:02 Europe/Berlin] PHP Warning:  Undefined array key "text" in D:\xampp\htdocs\My project\CivicPulse\server\getDiscussions.php on line 71
[18-May-2025 23:57:02 Europe/Berlin] PHP Warning:  Undefined array key "time" in D:\xampp\htdocs\My project\CivicPulse\server\getDiscussions.php on line 72
[18-May-2025 23:57:02 Europe/Berlin] PHP Deprecated:  strtotime(): Passing null to parameter #1 ($datetime) of type string is deprecated in D:\xampp\htdocs\My project\CivicPulse\server\getDiscussions.php on line 72
[2025-05-18 23:57:02] Successfully fetched 1 messages for case_id: CASE_961F8F4ACB625F1D
[18-May-2025 23:57:02 Europe/Berlin] PHP Warning:  Undefined array key "id" in D:\xampp\htdocs\My project\CivicPulse\server\getDiscussions.php on line 69
[18-May-2025 23:57:02 Europe/Berlin] PHP Warning:  Undefined array key "sender" in D:\xampp\htdocs\My project\CivicPulse\server\getDiscussions.php on line 70
[18-May-2025 23:57:02 Europe/Berlin] PHP Warning:  Undefined array key "text" in D:\xampp\htdocs\My project\CivicPulse\server\getDiscussions.php on line 71
[18-May-2025 23:57:02 Europe/Berlin] PHP Warning:  Undefined array key "time" in D:\xampp\htdocs\My project\CivicPulse\server\getDiscussions.php on line 72
[18-May-2025 23:57:02 Europe/Berlin] PHP Deprecated:  strtotime(): Passing null to parameter #1 ($datetime) of type string is deprecated in D:\xampp\htdocs\My project\CivicPulse\server\getDiscussions.php on line 72
[2025-05-18 23:57:02] Successfully fetched 1 messages for case_id: CASE_961F8F4ACB625F1D
[2025-05-18 23:57:15] Request method: OPTIONS
[2025-05-18 23:57:15] Request method: POST
[2025-05-18 23:57:15] Raw input: {"case_id":"CASE_961F8F4ACB625F1D"}
[2025-05-18 23:57:15] Successfully updated progress to resolved for case_id: CASE_961F8F4ACB625F1D
[2025-05-18 23:57:15] Request method: GET
[18-May-2025 23:57:15 Europe/Berlin] PHP Warning:  Undefined array key "coordinates" in D:\xampp\htdocs\My project\CivicPulse\server\getInfo.php on line 66
[2025-05-18 23:57:15] Successfully fetched complaint for case_id: CASE_961F8F4ACB625F1D
[2025-05-18 23:57:15] Request method: GET
[18-May-2025 23:57:15 Europe/Berlin] PHP Warning:  Undefined array key "id" in D:\xampp\htdocs\My project\CivicPulse\server\getDiscussions.php on line 69
[18-May-2025 23:57:15 Europe/Berlin] PHP Warning:  Undefined array key "sender" in D:\xampp\htdocs\My project\CivicPulse\server\getDiscussions.php on line 70
[18-May-2025 23:57:15 Europe/Berlin] PHP Warning:  Undefined array key "text" in D:\xampp\htdocs\My project\CivicPulse\server\getDiscussions.php on line 71
[18-May-2025 23:57:15 Europe/Berlin] PHP Warning:  Undefined array key "time" in D:\xampp\htdocs\My project\CivicPulse\server\getDiscussions.php on line 72
[18-May-2025 23:57:15 Europe/Berlin] PHP Deprecated:  strtotime(): Passing null to parameter #1 ($datetime) of type string is deprecated in D:\xampp\htdocs\My project\CivicPulse\server\getDiscussions.php on line 72
[2025-05-18 23:57:15] Successfully fetched 1 messages for case_id: CASE_961F8F4ACB625F1D
[2025-05-18 23:57:18] Request method: POST
[2025-05-18 23:57:18] Raw input: {"case_id":"CASE_961F8F4ACB625F1D"}
[2025-05-18 23:57:18] No complaint found for case_id: CASE_961F8F4ACB625F1D
[2025-05-18 23:57:20] Request method: GET
[18-May-2025 23:57:20 Europe/Berlin] PHP Warning:  Undefined array key "coordinates" in D:\xampp\htdocs\My project\CivicPulse\server\getInfo.php on line 66
[2025-05-18 23:57:20] Successfully fetched complaint for case_id: CASE_961F8F4ACB625F1D
[2025-05-18 23:57:20] Request method: GET
[18-May-2025 23:57:20 Europe/Berlin] PHP Warning:  Undefined array key "coordinates" in D:\xampp\htdocs\My project\CivicPulse\server\getInfo.php on line 66
[2025-05-18 23:57:20] Successfully fetched complaint for case_id: CASE_961F8F4ACB625F1D
[2025-05-18 23:57:20] Request method: GET
[18-May-2025 23:57:20 Europe/Berlin] PHP Warning:  Undefined array key "id" in D:\xampp\htdocs\My project\CivicPulse\server\getDiscussions.php on line 69
[18-May-2025 23:57:20 Europe/Berlin] PHP Warning:  Undefined array key "sender" in D:\xampp\htdocs\My project\CivicPulse\server\getDiscussions.php on line 70
[18-May-2025 23:57:20 Europe/Berlin] PHP Warning:  Undefined array key "text" in D:\xampp\htdocs\My project\CivicPulse\server\getDiscussions.php on line 71
[18-May-2025 23:57:20 Europe/Berlin] PHP Warning:  Undefined array key "time" in D:\xampp\htdocs\My project\CivicPulse\server\getDiscussions.php on line 72
[18-May-2025 23:57:20 Europe/Berlin] PHP Deprecated:  strtotime(): Passing null to parameter #1 ($datetime) of type string is deprecated in D:\xampp\htdocs\My project\CivicPulse\server\getDiscussions.php on line 72
[2025-05-18 23:57:20] Successfully fetched 1 messages for case_id: CASE_961F8F4ACB625F1D
[2025-05-18 23:57:20] Request method: GET
[18-May-2025 23:57:20 Europe/Berlin] PHP Warning:  Undefined array key "id" in D:\xampp\htdocs\My project\CivicPulse\server\getDiscussions.php on line 69
[18-May-2025 23:57:20 Europe/Berlin] PHP Warning:  Undefined array key "sender" in D:\xampp\htdocs\My project\CivicPulse\server\getDiscussions.php on line 70
[18-May-2025 23:57:20 Europe/Berlin] PHP Warning:  Undefined array key "text" in D:\xampp\htdocs\My project\CivicPulse\server\getDiscussions.php on line 71
[18-May-2025 23:57:20 Europe/Berlin] PHP Warning:  Undefined array key "time" in D:\xampp\htdocs\My project\CivicPulse\server\getDiscussions.php on line 72
[18-May-2025 23:57:20 Europe/Berlin] PHP Deprecated:  strtotime(): Passing null to parameter #1 ($datetime) of type string is deprecated in D:\xampp\htdocs\My project\CivicPulse\server\getDiscussions.php on line 72
[2025-05-18 23:57:20] Successfully fetched 1 messages for case_id: CASE_961F8F4ACB625F1D
[2025-05-18 23:57:23] Request method: OPTIONS
[2025-05-18 23:57:23] Request method: POST
[2025-05-18 23:57:23] Raw input: {"case_id":"CASE_961F8F4ACB625F1D"}
[2025-05-18 23:57:23] No complaint found for case_id: CASE_961F8F4ACB625F1D
[2025-05-18 23:58:08] Request method: GET
[2025-05-18 23:58:08] Request method: GET
[18-May-2025 23:58:08 Europe/Berlin] PHP Warning:  Undefined array key "coordinates" in D:\xampp\htdocs\My project\CivicPulse\server\getInfo.php on line 66
[2025-05-18 23:58:08] Successfully fetched complaint for case_id: CASE_961F8F4ACB625F1D
[2025-05-18 23:58:08] Request method: GET
[18-May-2025 23:58:08 Europe/Berlin] PHP Warning:  Undefined array key "coordinates" in D:\xampp\htdocs\My project\CivicPulse\server\getInfo.php on line 66
[2025-05-18 23:58:08] Successfully fetched complaint for case_id: CASE_961F8F4ACB625F1D
[2025-05-18 23:58:08] Request method: GET
[18-May-2025 23:58:08 Europe/Berlin] PHP Warning:  Undefined array key "id" in D:\xampp\htdocs\My project\CivicPulse\server\getDiscussions.php on line 69
[18-May-2025 23:58:08 Europe/Berlin] PHP Warning:  Undefined array key "sender" in D:\xampp\htdocs\My project\CivicPulse\server\getDiscussions.php on line 70
[18-May-2025 23:58:08 Europe/Berlin] PHP Warning:  Undefined array key "text" in D:\xampp\htdocs\My project\CivicPulse\server\getDiscussions.php on line 71
[18-May-2025 23:58:08 Europe/Berlin] PHP Warning:  Undefined array key "time" in D:\xampp\htdocs\My project\CivicPulse\server\getDiscussions.php on line 72
[18-May-2025 23:58:08 Europe/Berlin] PHP Deprecated:  strtotime(): Passing null to parameter #1 ($datetime) of type string is deprecated in D:\xampp\htdocs\My project\CivicPulse\server\getDiscussions.php on line 72
[2025-05-18 23:58:08] Successfully fetched 1 messages for case_id: CASE_961F8F4ACB625F1D
[18-May-2025 23:58:08 Europe/Berlin] PHP Warning:  Undefined array key "id" in D:\xampp\htdocs\My project\CivicPulse\server\getDiscussions.php on line 69
[18-May-2025 23:58:08 Europe/Berlin] PHP Warning:  Undefined array key "sender" in D:\xampp\htdocs\My project\CivicPulse\server\getDiscussions.php on line 70
[18-May-2025 23:58:08 Europe/Berlin] PHP Warning:  Undefined array key "text" in D:\xampp\htdocs\My project\CivicPulse\server\getDiscussions.php on line 71
[18-May-2025 23:58:08 Europe/Berlin] PHP Warning:  Undefined array key "time" in D:\xampp\htdocs\My project\CivicPulse\server\getDiscussions.php on line 72
[18-May-2025 23:58:08 Europe/Berlin] PHP Deprecated:  strtotime(): Passing null to parameter #1 ($datetime) of type string is deprecated in D:\xampp\htdocs\My project\CivicPulse\server\getDiscussions.php on line 72
[2025-05-18 23:58:08] Successfully fetched 1 messages for case_id: CASE_961F8F4ACB625F1D
[2025-05-18 23:58:14] Request method: OPTIONS
[2025-05-18 23:58:14] Request method: POST
[2025-05-18 23:58:14] Raw input: {"case_id":"CASE_961F8F4ACB625F1D"}
[2025-05-18 23:58:14] No rows updated for case_id: CASE_961F8F4ACB625F1D
[2025-05-18 23:58:16] Request method: GET
[18-May-2025 23:58:16 Europe/Berlin] PHP Warning:  Undefined array key "coordinates" in D:\xampp\htdocs\My project\CivicPulse\server\getInfo.php on line 66
[2025-05-18 23:58:16] Successfully fetched complaint for case_id: CASE_961F8F4ACB625F1D
[2025-05-18 23:58:16] Request method: GET
[18-May-2025 23:58:16 Europe/Berlin] PHP Warning:  Undefined array key "coordinates" in D:\xampp\htdocs\My project\CivicPulse\server\getInfo.php on line 66
[2025-05-18 23:58:16] Successfully fetched complaint for case_id: CASE_961F8F4ACB625F1D
[2025-05-18 23:58:16] Request method: GET
[18-May-2025 23:58:16 Europe/Berlin] PHP Warning:  Undefined array key "id" in D:\xampp\htdocs\My project\CivicPulse\server\getDiscussions.php on line 69
[18-May-2025 23:58:16 Europe/Berlin] PHP Warning:  Undefined array key "sender" in D:\xampp\htdocs\My project\CivicPulse\server\getDiscussions.php on line 70
[18-May-2025 23:58:16 Europe/Berlin] PHP Warning:  Undefined array key "text" in D:\xampp\htdocs\My project\CivicPulse\server\getDiscussions.php on line 71
[18-May-2025 23:58:16 Europe/Berlin] PHP Warning:  Undefined array key "time" in D:\xampp\htdocs\My project\CivicPulse\server\getDiscussions.php on line 72
[18-May-2025 23:58:16 Europe/Berlin] PHP Deprecated:  strtotime(): Passing null to parameter #1 ($datetime) of type string is deprecated in D:\xampp\htdocs\My project\CivicPulse\server\getDiscussions.php on line 72
[2025-05-18 23:58:16] Successfully fetched 1 messages for case_id: CASE_961F8F4ACB625F1D
[2025-05-18 23:58:16] Request method: GET
[18-May-2025 23:58:16 Europe/Berlin] PHP Warning:  Undefined array key "id" in D:\xampp\htdocs\My project\CivicPulse\server\getDiscussions.php on line 69
[18-May-2025 23:58:16 Europe/Berlin] PHP Warning:  Undefined array key "sender" in D:\xampp\htdocs\My project\CivicPulse\server\getDiscussions.php on line 70
[18-May-2025 23:58:16 Europe/Berlin] PHP Warning:  Undefined array key "text" in D:\xampp\htdocs\My project\CivicPulse\server\getDiscussions.php on line 71
[18-May-2025 23:58:16 Europe/Berlin] PHP Warning:  Undefined array key "time" in D:\xampp\htdocs\My project\CivicPulse\server\getDiscussions.php on line 72
[18-May-2025 23:58:16 Europe/Berlin] PHP Deprecated:  strtotime(): Passing null to parameter #1 ($datetime) of type string is deprecated in D:\xampp\htdocs\My project\CivicPulse\server\getDiscussions.php on line 72
[2025-05-18 23:58:16] Successfully fetched 1 messages for case_id: CASE_961F8F4ACB625F1D
[2025-05-18 23:58:19] Request method: POST
[2025-05-18 23:58:19] Raw input: {"case_id":"CASE_961F8F4ACB625F1D"}
[2025-05-18 23:58:19] No rows updated for case_id: CASE_961F8F4ACB625F1D
[2025-05-18 23:58:52] Request method: POST
[2025-05-18 23:58:52] Raw input: 
[2025-05-18 23:58:52] JSON decode error: Syntax error
[2025-05-18 23:58:54] Request method: POST
[2025-05-18 23:58:54] Raw input: 
[2025-05-18 23:58:54] JSON decode error: Syntax error
[2025-05-18 23:59:58] Request method: GET
[2025-05-18 23:59:58] Request method: GET
[18-May-2025 23:59:58 Europe/Berlin] PHP Warning:  Undefined array key "coordinates" in D:\xampp\htdocs\My project\CivicPulse\server\getInfo.php on line 66
[18-May-2025 23:59:58 Europe/Berlin] PHP Warning:  Undefined array key "coordinates" in D:\xampp\htdocs\My project\CivicPulse\server\getInfo.php on line 66
[2025-05-18 23:59:58] Successfully fetched complaint for case_id: CASE_961F8F4ACB625F1D
[2025-05-18 23:59:58] Successfully fetched complaint for case_id: CASE_961F8F4ACB625F1D
[2025-05-18 23:59:58] Request method: GET
[18-May-2025 23:59:58 Europe/Berlin] PHP Warning:  Undefined array key "id" in D:\xampp\htdocs\My project\CivicPulse\server\getDiscussions.php on line 69
[18-May-2025 23:59:58 Europe/Berlin] PHP Warning:  Undefined array key "id" in D:\xampp\htdocs\My project\CivicPulse\server\getDiscussions.php on line 69
[18-May-2025 23:59:58 Europe/Berlin] PHP Warning:  Undefined array key "sender" in D:\xampp\htdocs\My project\CivicPulse\server\getDiscussions.php on line 70
[18-May-2025 23:59:58 Europe/Berlin] PHP Warning:  Undefined array key "sender" in D:\xampp\htdocs\My project\CivicPulse\server\getDiscussions.php on line 70
[18-May-2025 23:59:58 Europe/Berlin] PHP Warning:  Undefined array key "text" in D:\xampp\htdocs\My project\CivicPulse\server\getDiscussions.php on line 71
[18-May-2025 23:59:58 Europe/Berlin] PHP Warning:  Undefined array key "text" in D:\xampp\htdocs\My project\CivicPulse\server\getDiscussions.php on line 71
[18-May-2025 23:59:58 Europe/Berlin] PHP Warning:  Undefined array key "time" in D:\xampp\htdocs\My project\CivicPulse\server\getDiscussions.php on line 72
[18-May-2025 23:59:58 Europe/Berlin] PHP Warning:  Undefined array key "time" in D:\xampp\htdocs\My project\CivicPulse\server\getDiscussions.php on line 72
[18-May-2025 23:59:58 Europe/Berlin] PHP Deprecated:  strtotime(): Passing null to parameter #1 ($datetime) of type string is deprecated in D:\xampp\htdocs\My project\CivicPulse\server\getDiscussions.php on line 72
[18-May-2025 23:59:58 Europe/Berlin] PHP Deprecated:  strtotime(): Passing null to parameter #1 ($datetime) of type string is deprecated in D:\xampp\htdocs\My project\CivicPulse\server\getDiscussions.php on line 72
[2025-05-18 23:59:58] Successfully fetched 1 messages for case_id: CASE_961F8F4ACB625F1D
[2025-05-18 23:59:58] Successfully fetched 1 messages for case_id: CASE_961F8F4ACB625F1D
[2025-05-19 00:00:00] Request method: OPTIONS
[2025-05-19 00:00:00] Request method: POST
[2025-05-19 00:00:00] Raw input: {"case_id":"CASE_961F8F4ACB625F1D"}
[2025-05-19 00:00:00] No rows updated for case_id: CASE_961F8F4ACB625F1D
[2025-05-19 00:06:32] Request method: GET
[2025-05-19 00:06:32] Request method: GET
[19-May-2025 00:06:32 Europe/Berlin] PHP Warning:  Undefined array key "coordinates" in D:\xampp\htdocs\My project\CivicPulse\server\getInfo.php on line 65
[2025-05-19 00:06:32] Successfully fetched complaint for case_id: CASE_675E018188DAC378
[19-May-2025 00:06:32 Europe/Berlin] PHP Warning:  Undefined array key "coordinates" in D:\xampp\htdocs\My project\CivicPulse\server\getInfo.php on line 65
[2025-05-19 00:06:32] Successfully fetched complaint for case_id: CASE_675E018188DAC378
[2025-05-19 00:06:32] Request method: GET
[19-May-2025 00:06:32 Europe/Berlin] PHP Warning:  Undefined array key "id" in D:\xampp\htdocs\My project\CivicPulse\server\getDiscussions.php on line 69
[19-May-2025 00:06:32 Europe/Berlin] PHP Warning:  Undefined array key "sender" in D:\xampp\htdocs\My project\CivicPulse\server\getDiscussions.php on line 70
[19-May-2025 00:06:32 Europe/Berlin] PHP Warning:  Undefined array key "text" in D:\xampp\htdocs\My project\CivicPulse\server\getDiscussions.php on line 71
[19-May-2025 00:06:32 Europe/Berlin] PHP Warning:  Undefined array key "time" in D:\xampp\htdocs\My project\CivicPulse\server\getDiscussions.php on line 72
[19-May-2025 00:06:32 Europe/Berlin] PHP Deprecated:  strtotime(): Passing null to parameter #1 ($datetime) of type string is deprecated in D:\xampp\htdocs\My project\CivicPulse\server\getDiscussions.php on line 72
[19-May-2025 00:06:32 Europe/Berlin] PHP Warning:  Undefined array key "id" in D:\xampp\htdocs\My project\CivicPulse\server\getDiscussions.php on line 69
[19-May-2025 00:06:32 Europe/Berlin] PHP Warning:  Undefined array key "sender" in D:\xampp\htdocs\My project\CivicPulse\server\getDiscussions.php on line 70
[19-May-2025 00:06:32 Europe/Berlin] PHP Warning:  Undefined array key "text" in D:\xampp\htdocs\My project\CivicPulse\server\getDiscussions.php on line 71
[19-May-2025 00:06:32 Europe/Berlin] PHP Warning:  Undefined array key "time" in D:\xampp\htdocs\My project\CivicPulse\server\getDiscussions.php on line 72
[19-May-2025 00:06:32 Europe/Berlin] PHP Deprecated:  strtotime(): Passing null to parameter #1 ($datetime) of type string is deprecated in D:\xampp\htdocs\My project\CivicPulse\server\getDiscussions.php on line 72
[2025-05-19 00:06:32] Request method: GET
[2025-05-19 00:06:32] Successfully fetched 2 messages for case_id: CASE_675E018188DAC378
[19-May-2025 00:06:32 Europe/Berlin] PHP Warning:  Undefined array key "id" in D:\xampp\htdocs\My project\CivicPulse\server\getDiscussions.php on line 69
[19-May-2025 00:06:32 Europe/Berlin] PHP Warning:  Undefined array key "sender" in D:\xampp\htdocs\My project\CivicPulse\server\getDiscussions.php on line 70
[19-May-2025 00:06:32 Europe/Berlin] PHP Warning:  Undefined array key "text" in D:\xampp\htdocs\My project\CivicPulse\server\getDiscussions.php on line 71
[19-May-2025 00:06:32 Europe/Berlin] PHP Warning:  Undefined array key "time" in D:\xampp\htdocs\My project\CivicPulse\server\getDiscussions.php on line 72
[19-May-2025 00:06:32 Europe/Berlin] PHP Deprecated:  strtotime(): Passing null to parameter #1 ($datetime) of type string is deprecated in D:\xampp\htdocs\My project\CivicPulse\server\getDiscussions.php on line 72
[19-May-2025 00:06:32 Europe/Berlin] PHP Warning:  Undefined array key "id" in D:\xampp\htdocs\My project\CivicPulse\server\getDiscussions.php on line 69
[19-May-2025 00:06:32 Europe/Berlin] PHP Warning:  Undefined array key "sender" in D:\xampp\htdocs\My project\CivicPulse\server\getDiscussions.php on line 70
[19-May-2025 00:06:32 Europe/Berlin] PHP Warning:  Undefined array key "text" in D:\xampp\htdocs\My project\CivicPulse\server\getDiscussions.php on line 71
[19-May-2025 00:06:32 Europe/Berlin] PHP Warning:  Undefined array key "time" in D:\xampp\htdocs\My project\CivicPulse\server\getDiscussions.php on line 72
[19-May-2025 00:06:32 Europe/Berlin] PHP Deprecated:  strtotime(): Passing null to parameter #1 ($datetime) of type string is deprecated in D:\xampp\htdocs\My project\CivicPulse\server\getDiscussions.php on line 72
[2025-05-19 00:06:32] Successfully fetched 2 messages for case_id: CASE_675E018188DAC378
[19-May-2025 00:06:55 Europe/Berlin] agency-dashboard.php - Case ID: CASE_429267C748D4D0F1, Progress: in process
[19-May-2025 00:06:55 Europe/Berlin] agency-dashboard.php - Case ID: CASE_675E018188DAC378, Progress: resolved
[19-May-2025 00:06:55 Europe/Berlin] agency-dashboard.php - Case ID: CASE_961F8F4ACB625F1D, Progress: resolved
[19-May-2025 00:06:55 Europe/Berlin] agency-dashboard.php - Case ID: CASE_9191A619D7E5FB21, Progress: not seen
[19-May-2025 00:06:55 Europe/Berlin] agency-dashboard.php - Case ID: CASE_911098123F398141, Progress: not seen
[19-May-2025 00:06:55 Europe/Berlin] agency-dashboard.php - Case ID: CASE_429267C748D4D0F1, Progress: in process
[19-May-2025 00:06:55 Europe/Berlin] agency-dashboard.php - Case ID: CASE_675E018188DAC378, Progress: resolved
[19-May-2025 00:06:55 Europe/Berlin] agency-dashboard.php - Case ID: CASE_961F8F4ACB625F1D, Progress: resolved
[19-May-2025 00:06:55 Europe/Berlin] agency-dashboard.php - Case ID: CASE_9191A619D7E5FB21, Progress: not seen
[19-May-2025 00:06:55 Europe/Berlin] agency-dashboard.php - Case ID: CASE_911098123F398141, Progress: not seen
[2025-05-19 00:07:00] Request method: GET
[19-May-2025 00:07:00 Europe/Berlin] PHP Warning:  Undefined array key "coordinates" in D:\xampp\htdocs\My project\CivicPulse\server\getInfo.php on line 65
[2025-05-19 00:07:00] Successfully fetched complaint for case_id: CASE_911098123F398141
[2025-05-19 00:07:00] Request method: GET
[19-May-2025 00:07:00 Europe/Berlin] PHP Warning:  Undefined array key "coordinates" in D:\xampp\htdocs\My project\CivicPulse\server\getInfo.php on line 65
[2025-05-19 00:07:00] Successfully fetched complaint for case_id: CASE_911098123F398141
[2025-05-19 00:07:00] Request method: GET
[19-May-2025 00:07:00 Europe/Berlin] PHP Warning:  Undefined array key "id" in D:\xampp\htdocs\My project\CivicPulse\server\getDiscussions.php on line 69
[19-May-2025 00:07:00 Europe/Berlin] PHP Warning:  Undefined array key "sender" in D:\xampp\htdocs\My project\CivicPulse\server\getDiscussions.php on line 70
[19-May-2025 00:07:00 Europe/Berlin] PHP Warning:  Undefined array key "text" in D:\xampp\htdocs\My project\CivicPulse\server\getDiscussions.php on line 71
[19-May-2025 00:07:00 Europe/Berlin] PHP Warning:  Undefined array key "time" in D:\xampp\htdocs\My project\CivicPulse\server\getDiscussions.php on line 72
[19-May-2025 00:07:00 Europe/Berlin] PHP Deprecated:  strtotime(): Passing null to parameter #1 ($datetime) of type string is deprecated in D:\xampp\htdocs\My project\CivicPulse\server\getDiscussions.php on line 72
[2025-05-19 00:07:00] Successfully fetched 1 messages for case_id: CASE_911098123F398141
[2025-05-19 00:07:00] Request method: GET
[19-May-2025 00:07:00 Europe/Berlin] PHP Warning:  Undefined array key "id" in D:\xampp\htdocs\My project\CivicPulse\server\getDiscussions.php on line 69
[19-May-2025 00:07:00 Europe/Berlin] PHP Warning:  Undefined array key "sender" in D:\xampp\htdocs\My project\CivicPulse\server\getDiscussions.php on line 70
[19-May-2025 00:07:00 Europe/Berlin] PHP Warning:  Undefined array key "text" in D:\xampp\htdocs\My project\CivicPulse\server\getDiscussions.php on line 71
[19-May-2025 00:07:00 Europe/Berlin] PHP Warning:  Undefined array key "time" in D:\xampp\htdocs\My project\CivicPulse\server\getDiscussions.php on line 72
[19-May-2025 00:07:00 Europe/Berlin] PHP Deprecated:  strtotime(): Passing null to parameter #1 ($datetime) of type string is deprecated in D:\xampp\htdocs\My project\CivicPulse\server\getDiscussions.php on line 72
[2025-05-19 00:07:00] Successfully fetched 1 messages for case_id: CASE_911098123F398141
[2025-05-19 00:07:02] Request method: OPTIONS
[2025-05-19 00:07:02] Request method: POST
[2025-05-19 00:07:02] Raw input: {"case_id":"CASE_911098123F398141"}
[2025-05-19 00:07:02] Successfully updated status to resolved for case_id: CASE_911098123F398141
[2025-05-19 00:07:02] Request method: GET
[19-May-2025 00:07:02 Europe/Berlin] PHP Warning:  Undefined array key "coordinates" in D:\xampp\htdocs\My project\CivicPulse\server\getInfo.php on line 65
[2025-05-19 00:07:02] Successfully fetched complaint for case_id: CASE_911098123F398141
[2025-05-19 00:07:02] Request method: GET
[19-May-2025 00:07:02 Europe/Berlin] PHP Warning:  Undefined array key "id" in D:\xampp\htdocs\My project\CivicPulse\server\getDiscussions.php on line 69
[19-May-2025 00:07:02 Europe/Berlin] PHP Warning:  Undefined array key "sender" in D:\xampp\htdocs\My project\CivicPulse\server\getDiscussions.php on line 70
[19-May-2025 00:07:02 Europe/Berlin] PHP Warning:  Undefined array key "text" in D:\xampp\htdocs\My project\CivicPulse\server\getDiscussions.php on line 71
[19-May-2025 00:07:02 Europe/Berlin] PHP Warning:  Undefined array key "time" in D:\xampp\htdocs\My project\CivicPulse\server\getDiscussions.php on line 72
[19-May-2025 00:07:02 Europe/Berlin] PHP Deprecated:  strtotime(): Passing null to parameter #1 ($datetime) of type string is deprecated in D:\xampp\htdocs\My project\CivicPulse\server\getDiscussions.php on line 72
[2025-05-19 00:07:02] Successfully fetched 1 messages for case_id: CASE_911098123F398141
[2025-05-19 00:07:31] Request method: OPTIONS
[2025-05-19 00:07:31] Request method: POST
[2025-05-19 00:07:31] Raw input: {"case_id":"CASE_911098123F398141","message":"do you know examples?","sender":"user"}
[2025-05-19 00:07:31] Successfully added message for case_id: CASE_911098123F398141
[19-May-2025 00:07:40 Europe/Berlin] agency-dashboard.php - Case ID: CASE_429267C748D4D0F1, Progress: in process
[19-May-2025 00:07:40 Europe/Berlin] agency-dashboard.php - Case ID: CASE_675E018188DAC378, Progress: resolved
[19-May-2025 00:07:40 Europe/Berlin] agency-dashboard.php - Case ID: CASE_961F8F4ACB625F1D, Progress: resolved
[19-May-2025 00:07:40 Europe/Berlin] agency-dashboard.php - Case ID: CASE_9191A619D7E5FB21, Progress: not seen
[19-May-2025 00:07:40 Europe/Berlin] agency-dashboard.php - Case ID: CASE_911098123F398141, Progress: resolved
[19-May-2025 00:07:40 Europe/Berlin] agency-dashboard.php - Case ID: CASE_429267C748D4D0F1, Progress: in process
[19-May-2025 00:07:40 Europe/Berlin] agency-dashboard.php - Case ID: CASE_675E018188DAC378, Progress: resolved
[19-May-2025 00:07:40 Europe/Berlin] agency-dashboard.php - Case ID: CASE_961F8F4ACB625F1D, Progress: resolved
[19-May-2025 00:07:40 Europe/Berlin] agency-dashboard.php - Case ID: CASE_9191A619D7E5FB21, Progress: not seen
[19-May-2025 00:07:40 Europe/Berlin] agency-dashboard.php - Case ID: CASE_911098123F398141, Progress: resolved
[19-May-2025 00:08:06 Europe/Berlin] agency-dashboard.php - Case ID: CASE_429267C748D4D0F1, Progress: in process
[19-May-2025 00:08:06 Europe/Berlin] agency-dashboard.php - Case ID: CASE_675E018188DAC378, Progress: resolved
[19-May-2025 00:08:06 Europe/Berlin] agency-dashboard.php - Case ID: CASE_961F8F4ACB625F1D, Progress: resolved
[19-May-2025 00:08:06 Europe/Berlin] agency-dashboard.php - Case ID: CASE_9191A619D7E5FB21, Progress: not seen
[19-May-2025 00:08:06 Europe/Berlin] agency-dashboard.php - Case ID: CASE_911098123F398141, Progress: resolved
[19-May-2025 00:08:06 Europe/Berlin] agency-dashboard.php - Case ID: CASE_429267C748D4D0F1, Progress: in process
[19-May-2025 00:08:06 Europe/Berlin] agency-dashboard.php - Case ID: CASE_675E018188DAC378, Progress: resolved
[19-May-2025 00:08:06 Europe/Berlin] agency-dashboard.php - Case ID: CASE_961F8F4ACB625F1D, Progress: resolved
[19-May-2025 00:08:06 Europe/Berlin] agency-dashboard.php - Case ID: CASE_9191A619D7E5FB21, Progress: not seen
[19-May-2025 00:08:06 Europe/Berlin] agency-dashboard.php - Case ID: CASE_911098123F398141, Progress: resolved
[2025-05-19 00:08:11] Request method: GET
[19-May-2025 00:08:11 Europe/Berlin] PHP Warning:  Undefined array key "coordinates" in D:\xampp\htdocs\My project\CivicPulse\server\getInfo.php on line 65
[2025-05-19 00:08:11] Successfully fetched complaint for case_id: CASE_675E018188DAC378
[2025-05-19 00:08:11] Request method: GET
[2025-05-19 00:08:11] Request method: GET
[19-May-2025 00:08:11 Europe/Berlin] PHP Warning:  Undefined array key "coordinates" in D:\xampp\htdocs\My project\CivicPulse\server\getInfo.php on line 65
[2025-05-19 00:08:11] Successfully fetched complaint for case_id: CASE_675E018188DAC378
[19-May-2025 00:08:11 Europe/Berlin] PHP Warning:  Undefined array key "id" in D:\xampp\htdocs\My project\CivicPulse\server\getDiscussions.php on line 69
[19-May-2025 00:08:11 Europe/Berlin] PHP Warning:  Undefined array key "sender" in D:\xampp\htdocs\My project\CivicPulse\server\getDiscussions.php on line 70
[19-May-2025 00:08:11 Europe/Berlin] PHP Warning:  Undefined array key "text" in D:\xampp\htdocs\My project\CivicPulse\server\getDiscussions.php on line 71
[19-May-2025 00:08:11 Europe/Berlin] PHP Warning:  Undefined array key "time" in D:\xampp\htdocs\My project\CivicPulse\server\getDiscussions.php on line 72
[19-May-2025 00:08:11 Europe/Berlin] PHP Deprecated:  strtotime(): Passing null to parameter #1 ($datetime) of type string is deprecated in D:\xampp\htdocs\My project\CivicPulse\server\getDiscussions.php on line 72
[19-May-2025 00:08:11 Europe/Berlin] PHP Warning:  Undefined array key "id" in D:\xampp\htdocs\My project\CivicPulse\server\getDiscussions.php on line 69
[19-May-2025 00:08:11 Europe/Berlin] PHP Warning:  Undefined array key "sender" in D:\xampp\htdocs\My project\CivicPulse\server\getDiscussions.php on line 70
[19-May-2025 00:08:11 Europe/Berlin] PHP Warning:  Undefined array key "text" in D:\xampp\htdocs\My project\CivicPulse\server\getDiscussions.php on line 71
[19-May-2025 00:08:11 Europe/Berlin] PHP Warning:  Undefined array key "time" in D:\xampp\htdocs\My project\CivicPulse\server\getDiscussions.php on line 72
[19-May-2025 00:08:11 Europe/Berlin] PHP Deprecated:  strtotime(): Passing null to parameter #1 ($datetime) of type string is deprecated in D:\xampp\htdocs\My project\CivicPulse\server\getDiscussions.php on line 72
[2025-05-19 00:08:11] Successfully fetched 2 messages for case_id: CASE_675E018188DAC378
[2025-05-19 00:08:11] Request method: GET
[19-May-2025 00:08:11 Europe/Berlin] PHP Warning:  Undefined array key "id" in D:\xampp\htdocs\My project\CivicPulse\server\getDiscussions.php on line 69
[19-May-2025 00:08:11 Europe/Berlin] PHP Warning:  Undefined array key "sender" in D:\xampp\htdocs\My project\CivicPulse\server\getDiscussions.php on line 70
[19-May-2025 00:08:11 Europe/Berlin] PHP Warning:  Undefined array key "text" in D:\xampp\htdocs\My project\CivicPulse\server\getDiscussions.php on line 71
[19-May-2025 00:08:11 Europe/Berlin] PHP Warning:  Undefined array key "time" in D:\xampp\htdocs\My project\CivicPulse\server\getDiscussions.php on line 72
[19-May-2025 00:08:11 Europe/Berlin] PHP Deprecated:  strtotime(): Passing null to parameter #1 ($datetime) of type string is deprecated in D:\xampp\htdocs\My project\CivicPulse\server\getDiscussions.php on line 72
[19-May-2025 00:08:11 Europe/Berlin] PHP Warning:  Undefined array key "id" in D:\xampp\htdocs\My project\CivicPulse\server\getDiscussions.php on line 69
[19-May-2025 00:08:11 Europe/Berlin] PHP Warning:  Undefined array key "sender" in D:\xampp\htdocs\My project\CivicPulse\server\getDiscussions.php on line 70
[19-May-2025 00:08:11 Europe/Berlin] PHP Warning:  Undefined array key "text" in D:\xampp\htdocs\My project\CivicPulse\server\getDiscussions.php on line 71
[19-May-2025 00:08:11 Europe/Berlin] PHP Warning:  Undefined array key "time" in D:\xampp\htdocs\My project\CivicPulse\server\getDiscussions.php on line 72
[19-May-2025 00:08:11 Europe/Berlin] PHP Deprecated:  strtotime(): Passing null to parameter #1 ($datetime) of type string is deprecated in D:\xampp\htdocs\My project\CivicPulse\server\getDiscussions.php on line 72
[2025-05-19 00:08:11] Successfully fetched 2 messages for case_id: CASE_675E018188DAC378
[19-May-2025 00:08:18 Europe/Berlin] agency-dashboard.php - Case ID: CASE_429267C748D4D0F1, Progress: in process
[19-May-2025 00:08:18 Europe/Berlin] agency-dashboard.php - Case ID: CASE_675E018188DAC378, Progress: resolved
[19-May-2025 00:08:18 Europe/Berlin] agency-dashboard.php - Case ID: CASE_961F8F4ACB625F1D, Progress: resolved
[19-May-2025 00:08:18 Europe/Berlin] agency-dashboard.php - Case ID: CASE_9191A619D7E5FB21, Progress: not seen
[19-May-2025 00:08:18 Europe/Berlin] agency-dashboard.php - Case ID: CASE_911098123F398141, Progress: resolved
[19-May-2025 00:08:18 Europe/Berlin] agency-dashboard.php - Case ID: CASE_429267C748D4D0F1, Progress: in process
[19-May-2025 00:08:18 Europe/Berlin] agency-dashboard.php - Case ID: CASE_675E018188DAC378, Progress: resolved
[19-May-2025 00:08:18 Europe/Berlin] agency-dashboard.php - Case ID: CASE_961F8F4ACB625F1D, Progress: resolved
[19-May-2025 00:08:18 Europe/Berlin] agency-dashboard.php - Case ID: CASE_9191A619D7E5FB21, Progress: not seen
[19-May-2025 00:08:18 Europe/Berlin] agency-dashboard.php - Case ID: CASE_911098123F398141, Progress: resolved
[2025-05-19 00:08:20] Request method: GET
[19-May-2025 00:08:20 Europe/Berlin] PHP Warning:  Undefined array key "coordinates" in D:\xampp\htdocs\My project\CivicPulse\server\getInfo.php on line 65
[2025-05-19 00:08:20] Successfully fetched complaint for case_id: CASE_429267C748D4D0F1
[2025-05-19 00:08:20] Request method: GET
[2025-05-19 00:08:20] Request method: GET
[19-May-2025 00:08:20 Europe/Berlin] PHP Warning:  Undefined array key "coordinates" in D:\xampp\htdocs\My project\CivicPulse\server\getInfo.php on line 65
[2025-05-19 00:08:20] Successfully fetched complaint for case_id: CASE_429267C748D4D0F1
[2025-05-19 00:08:20] Successfully fetched 0 messages for case_id: CASE_429267C748D4D0F1
[2025-05-19 00:08:20] Request method: GET
[2025-05-19 00:08:20] Successfully fetched 0 messages for case_id: CASE_429267C748D4D0F1
[19-May-2025 00:08:24 Europe/Berlin] agency-dashboard.php - Case ID: CASE_429267C748D4D0F1, Progress: in process
[19-May-2025 00:08:24 Europe/Berlin] agency-dashboard.php - Case ID: CASE_675E018188DAC378, Progress: resolved
[19-May-2025 00:08:24 Europe/Berlin] agency-dashboard.php - Case ID: CASE_961F8F4ACB625F1D, Progress: resolved
[19-May-2025 00:08:24 Europe/Berlin] agency-dashboard.php - Case ID: CASE_9191A619D7E5FB21, Progress: not seen
[19-May-2025 00:08:24 Europe/Berlin] agency-dashboard.php - Case ID: CASE_911098123F398141, Progress: resolved
[19-May-2025 00:08:24 Europe/Berlin] agency-dashboard.php - Case ID: CASE_429267C748D4D0F1, Progress: in process
[19-May-2025 00:08:24 Europe/Berlin] agency-dashboard.php - Case ID: CASE_675E018188DAC378, Progress: resolved
[19-May-2025 00:08:24 Europe/Berlin] agency-dashboard.php - Case ID: CASE_961F8F4ACB625F1D, Progress: resolved
[19-May-2025 00:08:24 Europe/Berlin] agency-dashboard.php - Case ID: CASE_9191A619D7E5FB21, Progress: not seen
[19-May-2025 00:08:24 Europe/Berlin] agency-dashboard.php - Case ID: CASE_911098123F398141, Progress: resolved
[2025-05-19 00:08:27] Request method: GET
[19-May-2025 00:08:27 Europe/Berlin] PHP Warning:  Undefined array key "coordinates" in D:\xampp\htdocs\My project\CivicPulse\server\getInfo.php on line 65
[2025-05-19 00:08:27] Successfully fetched complaint for case_id: CASE_911098123F398141
[2025-05-19 00:08:27] Request method: GET
[2025-05-19 00:08:27] Request method: GET
[19-May-2025 00:08:27 Europe/Berlin] PHP Warning:  Undefined array key "id" in D:\xampp\htdocs\My project\CivicPulse\server\getDiscussions.php on line 69
[19-May-2025 00:08:27 Europe/Berlin] PHP Warning:  Undefined array key "coordinates" in D:\xampp\htdocs\My project\CivicPulse\server\getInfo.php on line 65
[19-May-2025 00:08:27 Europe/Berlin] PHP Warning:  Undefined array key "sender" in D:\xampp\htdocs\My project\CivicPulse\server\getDiscussions.php on line 70
[2025-05-19 00:08:27] Successfully fetched complaint for case_id: CASE_911098123F398141
[19-May-2025 00:08:27 Europe/Berlin] PHP Warning:  Undefined array key "text" in D:\xampp\htdocs\My project\CivicPulse\server\getDiscussions.php on line 71
[19-May-2025 00:08:27 Europe/Berlin] PHP Warning:  Undefined array key "time" in D:\xampp\htdocs\My project\CivicPulse\server\getDiscussions.php on line 72
[19-May-2025 00:08:27 Europe/Berlin] PHP Deprecated:  strtotime(): Passing null to parameter #1 ($datetime) of type string is deprecated in D:\xampp\htdocs\My project\CivicPulse\server\getDiscussions.php on line 72
[19-May-2025 00:08:27 Europe/Berlin] PHP Warning:  Undefined array key "id" in D:\xampp\htdocs\My project\CivicPulse\server\getDiscussions.php on line 69
[19-May-2025 00:08:27 Europe/Berlin] PHP Warning:  Undefined array key "sender" in D:\xampp\htdocs\My project\CivicPulse\server\getDiscussions.php on line 70
[19-May-2025 00:08:27 Europe/Berlin] PHP Warning:  Undefined array key "text" in D:\xampp\htdocs\My project\CivicPulse\server\getDiscussions.php on line 71
[19-May-2025 00:08:27 Europe/Berlin] PHP Warning:  Undefined array key "time" in D:\xampp\htdocs\My project\CivicPulse\server\getDiscussions.php on line 72
[19-May-2025 00:08:27 Europe/Berlin] PHP Deprecated:  strtotime(): Passing null to parameter #1 ($datetime) of type string is deprecated in D:\xampp\htdocs\My project\CivicPulse\server\getDiscussions.php on line 72
[2025-05-19 00:08:27] Successfully fetched 2 messages for case_id: CASE_911098123F398141
[2025-05-19 00:08:27] Request method: GET
[19-May-2025 00:08:27 Europe/Berlin] PHP Warning:  Undefined array key "id" in D:\xampp\htdocs\My project\CivicPulse\server\getDiscussions.php on line 69
[19-May-2025 00:08:27 Europe/Berlin] PHP Warning:  Undefined array key "sender" in D:\xampp\htdocs\My project\CivicPulse\server\getDiscussions.php on line 70
[19-May-2025 00:08:27 Europe/Berlin] PHP Warning:  Undefined array key "text" in D:\xampp\htdocs\My project\CivicPulse\server\getDiscussions.php on line 71
[19-May-2025 00:08:27 Europe/Berlin] PHP Warning:  Undefined array key "time" in D:\xampp\htdocs\My project\CivicPulse\server\getDiscussions.php on line 72
[19-May-2025 00:08:27 Europe/Berlin] PHP Deprecated:  strtotime(): Passing null to parameter #1 ($datetime) of type string is deprecated in D:\xampp\htdocs\My project\CivicPulse\server\getDiscussions.php on line 72
[19-May-2025 00:08:27 Europe/Berlin] PHP Warning:  Undefined array key "id" in D:\xampp\htdocs\My project\CivicPulse\server\getDiscussions.php on line 69
[19-May-2025 00:08:27 Europe/Berlin] PHP Warning:  Undefined array key "sender" in D:\xampp\htdocs\My project\CivicPulse\server\getDiscussions.php on line 70
[19-May-2025 00:08:27 Europe/Berlin] PHP Warning:  Undefined array key "text" in D:\xampp\htdocs\My project\CivicPulse\server\getDiscussions.php on line 71
[19-May-2025 00:08:27 Europe/Berlin] PHP Warning:  Undefined array key "time" in D:\xampp\htdocs\My project\CivicPulse\server\getDiscussions.php on line 72
[19-May-2025 00:08:27 Europe/Berlin] PHP Deprecated:  strtotime(): Passing null to parameter #1 ($datetime) of type string is deprecated in D:\xampp\htdocs\My project\CivicPulse\server\getDiscussions.php on line 72
[2025-05-19 00:08:27] Successfully fetched 2 messages for case_id: CASE_911098123F398141
[19-May-2025 00:08:53 Europe/Berlin] agency-dashboard.php - Case ID: CASE_429267C748D4D0F1, Progress: in process
[19-May-2025 00:08:53 Europe/Berlin] agency-dashboard.php - Case ID: CASE_675E018188DAC378, Progress: resolved
[19-May-2025 00:08:53 Europe/Berlin] agency-dashboard.php - Case ID: CASE_961F8F4ACB625F1D, Progress: resolved
[19-May-2025 00:08:53 Europe/Berlin] agency-dashboard.php - Case ID: CASE_9191A619D7E5FB21, Progress: not seen
[19-May-2025 00:08:53 Europe/Berlin] agency-dashboard.php - Case ID: CASE_911098123F398141, Progress: resolved
[19-May-2025 00:08:53 Europe/Berlin] agency-dashboard.php - Case ID: CASE_429267C748D4D0F1, Progress: in process
[19-May-2025 00:08:53 Europe/Berlin] agency-dashboard.php - Case ID: CASE_675E018188DAC378, Progress: resolved
[19-May-2025 00:08:53 Europe/Berlin] agency-dashboard.php - Case ID: CASE_961F8F4ACB625F1D, Progress: resolved
[19-May-2025 00:08:53 Europe/Berlin] agency-dashboard.php - Case ID: CASE_9191A619D7E5FB21, Progress: not seen
[19-May-2025 00:08:53 Europe/Berlin] agency-dashboard.php - Case ID: CASE_911098123F398141, Progress: resolved
[2025-05-19 00:09:03] Request method: GET
[19-May-2025 00:09:03 Europe/Berlin] PHP Warning:  Undefined array key "id" in D:\xampp\htdocs\My project\CivicPulse\server\getDiscussions.php on line 69
[19-May-2025 00:09:03 Europe/Berlin] PHP Warning:  Undefined array key "sender" in D:\xampp\htdocs\My project\CivicPulse\server\getDiscussions.php on line 70
[19-May-2025 00:09:03 Europe/Berlin] PHP Warning:  Undefined array key "text" in D:\xampp\htdocs\My project\CivicPulse\server\getDiscussions.php on line 71
[19-May-2025 00:09:03 Europe/Berlin] PHP Warning:  Undefined array key "time" in D:\xampp\htdocs\My project\CivicPulse\server\getDiscussions.php on line 72
[19-May-2025 00:09:03 Europe/Berlin] PHP Deprecated:  strtotime(): Passing null to parameter #1 ($datetime) of type string is deprecated in D:\xampp\htdocs\My project\CivicPulse\server\getDiscussions.php on line 72
[19-May-2025 00:09:03 Europe/Berlin] PHP Warning:  Undefined array key "id" in D:\xampp\htdocs\My project\CivicPulse\server\getDiscussions.php on line 69
[19-May-2025 00:09:03 Europe/Berlin] PHP Warning:  Undefined array key "sender" in D:\xampp\htdocs\My project\CivicPulse\server\getDiscussions.php on line 70
[19-May-2025 00:09:03 Europe/Berlin] PHP Warning:  Undefined array key "text" in D:\xampp\htdocs\My project\CivicPulse\server\getDiscussions.php on line 71
[19-May-2025 00:09:03 Europe/Berlin] PHP Warning:  Undefined array key "time" in D:\xampp\htdocs\My project\CivicPulse\server\getDiscussions.php on line 72
[19-May-2025 00:09:03 Europe/Berlin] PHP Deprecated:  strtotime(): Passing null to parameter #1 ($datetime) of type string is deprecated in D:\xampp\htdocs\My project\CivicPulse\server\getDiscussions.php on line 72
[2025-05-19 00:09:03] Successfully fetched 2 messages for case_id: CASE_911098123F398141
[2025-05-19 00:12:57] Request method: GET
[19-May-2025 00:12:57 Europe/Berlin] PHP Warning:  Undefined array key "id" in D:\xampp\htdocs\My project\CivicPulse\server\getDiscussions.php on line 69
[19-May-2025 00:12:57 Europe/Berlin] PHP Warning:  Undefined array key "sender" in D:\xampp\htdocs\My project\CivicPulse\server\getDiscussions.php on line 70
[19-May-2025 00:12:57 Europe/Berlin] PHP Warning:  Undefined array key "text" in D:\xampp\htdocs\My project\CivicPulse\server\getDiscussions.php on line 71
[19-May-2025 00:12:57 Europe/Berlin] PHP Warning:  Undefined array key "time" in D:\xampp\htdocs\My project\CivicPulse\server\getDiscussions.php on line 72
[19-May-2025 00:12:57 Europe/Berlin] PHP Deprecated:  strtotime(): Passing null to parameter #1 ($datetime) of type string is deprecated in D:\xampp\htdocs\My project\CivicPulse\server\getDiscussions.php on line 72
[19-May-2025 00:12:57 Europe/Berlin] PHP Warning:  Undefined array key "id" in D:\xampp\htdocs\My project\CivicPulse\server\getDiscussions.php on line 69
[19-May-2025 00:12:57 Europe/Berlin] PHP Warning:  Undefined array key "sender" in D:\xampp\htdocs\My project\CivicPulse\server\getDiscussions.php on line 70
[19-May-2025 00:12:57 Europe/Berlin] PHP Warning:  Undefined array key "text" in D:\xampp\htdocs\My project\CivicPulse\server\getDiscussions.php on line 71
[19-May-2025 00:12:57 Europe/Berlin] PHP Warning:  Undefined array key "time" in D:\xampp\htdocs\My project\CivicPulse\server\getDiscussions.php on line 72
[19-May-2025 00:12:57 Europe/Berlin] PHP Deprecated:  strtotime(): Passing null to parameter #1 ($datetime) of type string is deprecated in D:\xampp\htdocs\My project\CivicPulse\server\getDiscussions.php on line 72
[2025-05-19 00:12:57] Successfully fetched 2 messages for case_id: CASE_911098123F398141
[2025-05-19 00:13:19] Request method: GET
[19-May-2025 00:13:19 Europe/Berlin] PHP Warning:  Undefined array key "id" in D:\xampp\htdocs\My project\CivicPulse\server\getDiscussions.php on line 69
[19-May-2025 00:13:19 Europe/Berlin] PHP Warning:  Undefined array key "sender" in D:\xampp\htdocs\My project\CivicPulse\server\getDiscussions.php on line 70
[19-May-2025 00:13:19 Europe/Berlin] PHP Warning:  Undefined array key "text" in D:\xampp\htdocs\My project\CivicPulse\server\getDiscussions.php on line 71
[19-May-2025 00:13:19 Europe/Berlin] PHP Warning:  Undefined array key "time" in D:\xampp\htdocs\My project\CivicPulse\server\getDiscussions.php on line 72
[19-May-2025 00:13:19 Europe/Berlin] PHP Deprecated:  strtotime(): Passing null to parameter #1 ($datetime) of type string is deprecated in D:\xampp\htdocs\My project\CivicPulse\server\getDiscussions.php on line 72
[19-May-2025 00:13:19 Europe/Berlin] PHP Warning:  Undefined array key "id" in D:\xampp\htdocs\My project\CivicPulse\server\getDiscussions.php on line 69
[19-May-2025 00:13:19 Europe/Berlin] PHP Warning:  Undefined array key "sender" in D:\xampp\htdocs\My project\CivicPulse\server\getDiscussions.php on line 70
[19-May-2025 00:13:19 Europe/Berlin] PHP Warning:  Undefined array key "text" in D:\xampp\htdocs\My project\CivicPulse\server\getDiscussions.php on line 71
[19-May-2025 00:13:19 Europe/Berlin] PHP Warning:  Undefined array key "time" in D:\xampp\htdocs\My project\CivicPulse\server\getDiscussions.php on line 72
[19-May-2025 00:13:19 Europe/Berlin] PHP Deprecated:  strtotime(): Passing null to parameter #1 ($datetime) of type string is deprecated in D:\xampp\htdocs\My project\CivicPulse\server\getDiscussions.php on line 72
[19-May-2025 00:13:19 Europe/Berlin] PHP Warning:  Undefined array key "id" in D:\xampp\htdocs\My project\CivicPulse\server\getDiscussions.php on line 69
[19-May-2025 00:13:19 Europe/Berlin] PHP Warning:  Undefined array key "sender" in D:\xampp\htdocs\My project\CivicPulse\server\getDiscussions.php on line 70
[19-May-2025 00:13:19 Europe/Berlin] PHP Warning:  Undefined array key "text" in D:\xampp\htdocs\My project\CivicPulse\server\getDiscussions.php on line 71
[19-May-2025 00:13:19 Europe/Berlin] PHP Warning:  Undefined array key "time" in D:\xampp\htdocs\My project\CivicPulse\server\getDiscussions.php on line 72
[19-May-2025 00:13:19 Europe/Berlin] PHP Deprecated:  strtotime(): Passing null to parameter #1 ($datetime) of type string is deprecated in D:\xampp\htdocs\My project\CivicPulse\server\getDiscussions.php on line 72
[2025-05-19 00:13:19] Successfully fetched 3 messages for case_id: CASE_911098123F398141
[2025-05-19 00:15:39] Request method: GET
[19-May-2025 00:15:39 Europe/Berlin] PHP Warning:  Undefined array key "id" in D:\xampp\htdocs\My project\CivicPulse\server\getDiscussions.php on line 69
[19-May-2025 00:15:39 Europe/Berlin] PHP Warning:  Undefined array key "sender" in D:\xampp\htdocs\My project\CivicPulse\server\getDiscussions.php on line 70
[19-May-2025 00:15:39 Europe/Berlin] PHP Warning:  Undefined array key "text" in D:\xampp\htdocs\My project\CivicPulse\server\getDiscussions.php on line 71
[19-May-2025 00:15:39 Europe/Berlin] PHP Warning:  Undefined array key "time" in D:\xampp\htdocs\My project\CivicPulse\server\getDiscussions.php on line 72
[19-May-2025 00:15:39 Europe/Berlin] PHP Deprecated:  strtotime(): Passing null to parameter #1 ($datetime) of type string is deprecated in D:\xampp\htdocs\My project\CivicPulse\server\getDiscussions.php on line 72
[19-May-2025 00:15:39 Europe/Berlin] PHP Warning:  Undefined array key "id" in D:\xampp\htdocs\My project\CivicPulse\server\getDiscussions.php on line 69
[19-May-2025 00:15:39 Europe/Berlin] PHP Warning:  Undefined array key "sender" in D:\xampp\htdocs\My project\CivicPulse\server\getDiscussions.php on line 70
[19-May-2025 00:15:39 Europe/Berlin] PHP Warning:  Undefined array key "text" in D:\xampp\htdocs\My project\CivicPulse\server\getDiscussions.php on line 71
[19-May-2025 00:15:39 Europe/Berlin] PHP Warning:  Undefined array key "time" in D:\xampp\htdocs\My project\CivicPulse\server\getDiscussions.php on line 72
[19-May-2025 00:15:39 Europe/Berlin] PHP Deprecated:  strtotime(): Passing null to parameter #1 ($datetime) of type string is deprecated in D:\xampp\htdocs\My project\CivicPulse\server\getDiscussions.php on line 72
[19-May-2025 00:15:39 Europe/Berlin] PHP Warning:  Undefined array key "id" in D:\xampp\htdocs\My project\CivicPulse\server\getDiscussions.php on line 69
[19-May-2025 00:15:39 Europe/Berlin] PHP Warning:  Undefined array key "sender" in D:\xampp\htdocs\My project\CivicPulse\server\getDiscussions.php on line 70
[19-May-2025 00:15:39 Europe/Berlin] PHP Warning:  Undefined array key "text" in D:\xampp\htdocs\My project\CivicPulse\server\getDiscussions.php on line 71
[19-May-2025 00:15:39 Europe/Berlin] PHP Warning:  Undefined array key "time" in D:\xampp\htdocs\My project\CivicPulse\server\getDiscussions.php on line 72
[19-May-2025 00:15:39 Europe/Berlin] PHP Deprecated:  strtotime(): Passing null to parameter #1 ($datetime) of type string is deprecated in D:\xampp\htdocs\My project\CivicPulse\server\getDiscussions.php on line 72
[2025-05-19 00:15:39] Successfully fetched 3 messages for case_id: CASE_911098123F398141
[2025-05-19 00:16:47] Request method: GET
[2025-05-19 00:16:47] Request method: GET
[19-May-2025 00:16:47 Europe/Berlin] PHP Warning:  Undefined array key "coordinates" in D:\xampp\htdocs\My project\CivicPulse\server\getInfo.php on line 65
[2025-05-19 00:16:47] Successfully fetched complaint for case_id: CASE_961F8F4ACB625F1D
[2025-05-19 00:16:47] Request method: GET
[19-May-2025 00:16:47 Europe/Berlin] PHP Warning:  Undefined array key "coordinates" in D:\xampp\htdocs\My project\CivicPulse\server\getInfo.php on line 65
[2025-05-19 00:16:47] Successfully fetched complaint for case_id: CASE_961F8F4ACB625F1D
[2025-05-19 00:16:47] Request method: GET
[19-May-2025 00:16:47 Europe/Berlin] PHP Warning:  Undefined array key "id" in D:\xampp\htdocs\My project\CivicPulse\server\getDiscussions.php on line 69
[19-May-2025 00:16:47 Europe/Berlin] PHP Warning:  Undefined array key "sender" in D:\xampp\htdocs\My project\CivicPulse\server\getDiscussions.php on line 70
[19-May-2025 00:16:47 Europe/Berlin] PHP Warning:  Undefined array key "text" in D:\xampp\htdocs\My project\CivicPulse\server\getDiscussions.php on line 71
[19-May-2025 00:16:47 Europe/Berlin] PHP Warning:  Undefined array key "time" in D:\xampp\htdocs\My project\CivicPulse\server\getDiscussions.php on line 72
[19-May-2025 00:16:47 Europe/Berlin] PHP Deprecated:  strtotime(): Passing null to parameter #1 ($datetime) of type string is deprecated in D:\xampp\htdocs\My project\CivicPulse\server\getDiscussions.php on line 72
[2025-05-19 00:16:47] Successfully fetched 1 messages for case_id: CASE_961F8F4ACB625F1D
[19-May-2025 00:16:47 Europe/Berlin] PHP Warning:  Undefined array key "id" in D:\xampp\htdocs\My project\CivicPulse\server\getDiscussions.php on line 69
[19-May-2025 00:16:47 Europe/Berlin] PHP Warning:  Undefined array key "sender" in D:\xampp\htdocs\My project\CivicPulse\server\getDiscussions.php on line 70
[19-May-2025 00:16:47 Europe/Berlin] PHP Warning:  Undefined array key "text" in D:\xampp\htdocs\My project\CivicPulse\server\getDiscussions.php on line 71
[19-May-2025 00:16:47 Europe/Berlin] PHP Warning:  Undefined array key "time" in D:\xampp\htdocs\My project\CivicPulse\server\getDiscussions.php on line 72
[19-May-2025 00:16:47 Europe/Berlin] PHP Deprecated:  strtotime(): Passing null to parameter #1 ($datetime) of type string is deprecated in D:\xampp\htdocs\My project\CivicPulse\server\getDiscussions.php on line 72
[2025-05-19 00:16:47] Successfully fetched 1 messages for case_id: CASE_961F8F4ACB625F1D
[2025-05-19 00:17:05] Request method: OPTIONS
[2025-05-19 00:17:05] Request method: POST
[2025-05-19 00:17:05] Raw input: {"case_id":"CASE_961F8F4ACB625F1D","message":"hey what about you","sender":"user"}
[2025-05-19 00:17:05] Successfully added message for case_id: CASE_961F8F4ACB625F1D
[2025-05-19 00:21:05] Request method: GET
[2025-05-19 00:21:05] Request method: GET
[19-May-2025 00:21:05 Europe/Berlin] PHP Warning:  Undefined array key "coordinates" in D:\xampp\htdocs\My project\CivicPulse\server\getInfo.php on line 65
[2025-05-19 00:21:05] Successfully fetched complaint for case_id: CASE_961F8F4ACB625F1D
[19-May-2025 00:21:05 Europe/Berlin] PHP Warning:  Undefined array key "coordinates" in D:\xampp\htdocs\My project\CivicPulse\server\getInfo.php on line 65
[2025-05-19 00:21:05] Successfully fetched complaint for case_id: CASE_961F8F4ACB625F1D
[2025-05-19 00:21:05] Request method: GET
[2025-05-19 00:21:05] Request method: GET
[19-May-2025 00:21:05 Europe/Berlin] PHP Warning:  Undefined array key "id" in D:\xampp\htdocs\My project\CivicPulse\server\getDiscussions.php on line 69
[19-May-2025 00:21:05 Europe/Berlin] PHP Warning:  Undefined array key "id" in D:\xampp\htdocs\My project\CivicPulse\server\getDiscussions.php on line 69
[19-May-2025 00:21:05 Europe/Berlin] PHP Warning:  Undefined array key "sender" in D:\xampp\htdocs\My project\CivicPulse\server\getDiscussions.php on line 70
[19-May-2025 00:21:05 Europe/Berlin] PHP Warning:  Undefined array key "sender" in D:\xampp\htdocs\My project\CivicPulse\server\getDiscussions.php on line 70
[19-May-2025 00:21:05 Europe/Berlin] PHP Warning:  Undefined array key "text" in D:\xampp\htdocs\My project\CivicPulse\server\getDiscussions.php on line 71
[19-May-2025 00:21:05 Europe/Berlin] PHP Warning:  Undefined array key "text" in D:\xampp\htdocs\My project\CivicPulse\server\getDiscussions.php on line 71
[19-May-2025 00:21:05 Europe/Berlin] PHP Warning:  Undefined array key "time" in D:\xampp\htdocs\My project\CivicPulse\server\getDiscussions.php on line 72
[19-May-2025 00:21:05 Europe/Berlin] PHP Warning:  Undefined array key "time" in D:\xampp\htdocs\My project\CivicPulse\server\getDiscussions.php on line 72
[19-May-2025 00:21:05 Europe/Berlin] PHP Deprecated:  strtotime(): Passing null to parameter #1 ($datetime) of type string is deprecated in D:\xampp\htdocs\My project\CivicPulse\server\getDiscussions.php on line 72
[19-May-2025 00:21:05 Europe/Berlin] PHP Deprecated:  strtotime(): Passing null to parameter #1 ($datetime) of type string is deprecated in D:\xampp\htdocs\My project\CivicPulse\server\getDiscussions.php on line 72
[19-May-2025 00:21:05 Europe/Berlin] PHP Warning:  Undefined array key "id" in D:\xampp\htdocs\My project\CivicPulse\server\getDiscussions.php on line 69
[19-May-2025 00:21:05 Europe/Berlin] PHP Warning:  Undefined array key "id" in D:\xampp\htdocs\My project\CivicPulse\server\getDiscussions.php on line 69
[19-May-2025 00:21:05 Europe/Berlin] PHP Warning:  Undefined array key "sender" in D:\xampp\htdocs\My project\CivicPulse\server\getDiscussions.php on line 70
[19-May-2025 00:21:05 Europe/Berlin] PHP Warning:  Undefined array key "sender" in D:\xampp\htdocs\My project\CivicPulse\server\getDiscussions.php on line 70
[19-May-2025 00:21:05 Europe/Berlin] PHP Warning:  Undefined array key "text" in D:\xampp\htdocs\My project\CivicPulse\server\getDiscussions.php on line 71
[19-May-2025 00:21:05 Europe/Berlin] PHP Warning:  Undefined array key "text" in D:\xampp\htdocs\My project\CivicPulse\server\getDiscussions.php on line 71
[19-May-2025 00:21:05 Europe/Berlin] PHP Warning:  Undefined array key "time" in D:\xampp\htdocs\My project\CivicPulse\server\getDiscussions.php on line 72
[19-May-2025 00:21:05 Europe/Berlin] PHP Warning:  Undefined array key "time" in D:\xampp\htdocs\My project\CivicPulse\server\getDiscussions.php on line 72
[19-May-2025 00:21:05 Europe/Berlin] PHP Deprecated:  strtotime(): Passing null to parameter #1 ($datetime) of type string is deprecated in D:\xampp\htdocs\My project\CivicPulse\server\getDiscussions.php on line 72
[19-May-2025 00:21:05 Europe/Berlin] PHP Deprecated:  strtotime(): Passing null to parameter #1 ($datetime) of type string is deprecated in D:\xampp\htdocs\My project\CivicPulse\server\getDiscussions.php on line 72
[2025-05-19 00:21:05] Successfully fetched 2 messages for case_id: CASE_961F8F4ACB625F1D
[2025-05-19 00:21:05] Successfully fetched 2 messages for case_id: CASE_961F8F4ACB625F1D
[2025-05-19 00:27:52] Request method: GET
[19-May-2025 00:27:52 Europe/Berlin] PHP Warning:  Undefined array key "id" in D:\xampp\htdocs\My project\CivicPulse\server\getDiscussions.php on line 69
[19-May-2025 00:27:52 Europe/Berlin] PHP Warning:  Undefined array key "sender" in D:\xampp\htdocs\My project\CivicPulse\server\getDiscussions.php on line 70
[19-May-2025 00:27:52 Europe/Berlin] PHP Warning:  Undefined array key "text" in D:\xampp\htdocs\My project\CivicPulse\server\getDiscussions.php on line 71
[19-May-2025 00:27:52 Europe/Berlin] PHP Warning:  Undefined array key "time" in D:\xampp\htdocs\My project\CivicPulse\server\getDiscussions.php on line 72
[19-May-2025 00:27:52 Europe/Berlin] PHP Deprecated:  strtotime(): Passing null to parameter #1 ($datetime) of type string is deprecated in D:\xampp\htdocs\My project\CivicPulse\server\getDiscussions.php on line 72
[19-May-2025 00:27:52 Europe/Berlin] PHP Warning:  Undefined array key "id" in D:\xampp\htdocs\My project\CivicPulse\server\getDiscussions.php on line 69
[19-May-2025 00:27:52 Europe/Berlin] PHP Warning:  Undefined array key "sender" in D:\xampp\htdocs\My project\CivicPulse\server\getDiscussions.php on line 70
[19-May-2025 00:27:52 Europe/Berlin] PHP Warning:  Undefined array key "text" in D:\xampp\htdocs\My project\CivicPulse\server\getDiscussions.php on line 71
[19-May-2025 00:27:52 Europe/Berlin] PHP Warning:  Undefined array key "time" in D:\xampp\htdocs\My project\CivicPulse\server\getDiscussions.php on line 72
[19-May-2025 00:27:52 Europe/Berlin] PHP Deprecated:  strtotime(): Passing null to parameter #1 ($datetime) of type string is deprecated in D:\xampp\htdocs\My project\CivicPulse\server\getDiscussions.php on line 72
[19-May-2025 00:27:52 Europe/Berlin] PHP Warning:  Undefined array key "id" in D:\xampp\htdocs\My project\CivicPulse\server\getDiscussions.php on line 69
[19-May-2025 00:27:52 Europe/Berlin] PHP Warning:  Undefined array key "sender" in D:\xampp\htdocs\My project\CivicPulse\server\getDiscussions.php on line 70
[19-May-2025 00:27:52 Europe/Berlin] PHP Warning:  Undefined array key "text" in D:\xampp\htdocs\My project\CivicPulse\server\getDiscussions.php on line 71
[19-May-2025 00:27:52 Europe/Berlin] PHP Warning:  Undefined array key "time" in D:\xampp\htdocs\My project\CivicPulse\server\getDiscussions.php on line 72
[19-May-2025 00:27:52 Europe/Berlin] PHP Deprecated:  strtotime(): Passing null to parameter #1 ($datetime) of type string is deprecated in D:\xampp\htdocs\My project\CivicPulse\server\getDiscussions.php on line 72
[2025-05-19 00:27:52] Successfully fetched 3 messages for case_id: CASE_911098123F398141
[2025-05-19 00:28:02] Request method: GET
[19-May-2025 00:28:02 Europe/Berlin] PHP Warning:  Undefined array key "coordinates" in D:\xampp\htdocs\My project\CivicPulse\server\getInfo.php on line 65
[2025-05-19 00:28:02] Successfully fetched complaint for case_id: CASE_961F8F4ACB625F1D
[2025-05-19 00:28:02] Request method: GET
[2025-05-19 00:28:02] Request method: GET
[19-May-2025 00:28:02 Europe/Berlin] PHP Warning:  Undefined array key "coordinates" in D:\xampp\htdocs\My project\CivicPulse\server\getInfo.php on line 65
[2025-05-19 00:28:02] Successfully fetched complaint for case_id: CASE_961F8F4ACB625F1D
[2025-05-19 00:28:02] Request method: GET
[19-May-2025 00:28:02 Europe/Berlin] PHP Warning:  Undefined array key "id" in D:\xampp\htdocs\My project\CivicPulse\server\getDiscussions.php on line 69
[19-May-2025 00:28:02 Europe/Berlin] PHP Warning:  Undefined array key "sender" in D:\xampp\htdocs\My project\CivicPulse\server\getDiscussions.php on line 70
[19-May-2025 00:28:02 Europe/Berlin] PHP Warning:  Undefined array key "text" in D:\xampp\htdocs\My project\CivicPulse\server\getDiscussions.php on line 71
[19-May-2025 00:28:02 Europe/Berlin] PHP Warning:  Undefined array key "time" in D:\xampp\htdocs\My project\CivicPulse\server\getDiscussions.php on line 72
[19-May-2025 00:28:02 Europe/Berlin] PHP Deprecated:  strtotime(): Passing null to parameter #1 ($datetime) of type string is deprecated in D:\xampp\htdocs\My project\CivicPulse\server\getDiscussions.php on line 72
[19-May-2025 00:28:02 Europe/Berlin] PHP Warning:  Undefined array key "id" in D:\xampp\htdocs\My project\CivicPulse\server\getDiscussions.php on line 69
[19-May-2025 00:28:02 Europe/Berlin] PHP Warning:  Undefined array key "sender" in D:\xampp\htdocs\My project\CivicPulse\server\getDiscussions.php on line 70
[19-May-2025 00:28:02 Europe/Berlin] PHP Warning:  Undefined array key "text" in D:\xampp\htdocs\My project\CivicPulse\server\getDiscussions.php on line 71
[19-May-2025 00:28:02 Europe/Berlin] PHP Warning:  Undefined array key "time" in D:\xampp\htdocs\My project\CivicPulse\server\getDiscussions.php on line 72
[19-May-2025 00:28:02 Europe/Berlin] PHP Deprecated:  strtotime(): Passing null to parameter #1 ($datetime) of type string is deprecated in D:\xampp\htdocs\My project\CivicPulse\server\getDiscussions.php on line 72
[2025-05-19 00:28:02] Successfully fetched 2 messages for case_id: CASE_961F8F4ACB625F1D
[19-May-2025 00:28:02 Europe/Berlin] PHP Warning:  Undefined array key "id" in D:\xampp\htdocs\My project\CivicPulse\server\getDiscussions.php on line 69
[19-May-2025 00:28:02 Europe/Berlin] PHP Warning:  Undefined array key "sender" in D:\xampp\htdocs\My project\CivicPulse\server\getDiscussions.php on line 70
[19-May-2025 00:28:02 Europe/Berlin] PHP Warning:  Undefined array key "text" in D:\xampp\htdocs\My project\CivicPulse\server\getDiscussions.php on line 71
[19-May-2025 00:28:02 Europe/Berlin] PHP Warning:  Undefined array key "time" in D:\xampp\htdocs\My project\CivicPulse\server\getDiscussions.php on line 72
[19-May-2025 00:28:02 Europe/Berlin] PHP Deprecated:  strtotime(): Passing null to parameter #1 ($datetime) of type string is deprecated in D:\xampp\htdocs\My project\CivicPulse\server\getDiscussions.php on line 72
[19-May-2025 00:28:02 Europe/Berlin] PHP Warning:  Undefined array key "id" in D:\xampp\htdocs\My project\CivicPulse\server\getDiscussions.php on line 69
[19-May-2025 00:28:02 Europe/Berlin] PHP Warning:  Undefined array key "sender" in D:\xampp\htdocs\My project\CivicPulse\server\getDiscussions.php on line 70
[19-May-2025 00:28:02 Europe/Berlin] PHP Warning:  Undefined array key "text" in D:\xampp\htdocs\My project\CivicPulse\server\getDiscussions.php on line 71
[19-May-2025 00:28:02 Europe/Berlin] PHP Warning:  Undefined array key "time" in D:\xampp\htdocs\My project\CivicPulse\server\getDiscussions.php on line 72
[19-May-2025 00:28:02 Europe/Berlin] PHP Deprecated:  strtotime(): Passing null to parameter #1 ($datetime) of type string is deprecated in D:\xampp\htdocs\My project\CivicPulse\server\getDiscussions.php on line 72
[2025-05-19 00:28:02] Successfully fetched 2 messages for case_id: CASE_961F8F4ACB625F1D
[2025-05-19 00:29:22] Request method: GET
[19-May-2025 00:29:22 Europe/Berlin] PHP Warning:  Undefined array key "coordinates" in D:\xampp\htdocs\My project\CivicPulse\server\getInfo.php on line 65
[2025-05-19 00:29:22] Successfully fetched complaint for case_id: CASE_961F8F4ACB625F1D
[2025-05-19 00:29:22] Request method: GET
[2025-05-19 00:29:22] Request method: GET
[19-May-2025 00:29:22 Europe/Berlin] PHP Warning:  Undefined array key "coordinates" in D:\xampp\htdocs\My project\CivicPulse\server\getInfo.php on line 65
[19-May-2025 00:29:22 Europe/Berlin] PHP Warning:  Undefined array key "id" in D:\xampp\htdocs\My project\CivicPulse\server\getDiscussions.php on line 69
[2025-05-19 00:29:22] Successfully fetched complaint for case_id: CASE_961F8F4ACB625F1D
[19-May-2025 00:29:22 Europe/Berlin] PHP Warning:  Undefined array key "sender" in D:\xampp\htdocs\My project\CivicPulse\server\getDiscussions.php on line 70
[19-May-2025 00:29:22 Europe/Berlin] PHP Warning:  Undefined array key "text" in D:\xampp\htdocs\My project\CivicPulse\server\getDiscussions.php on line 71
[19-May-2025 00:29:22 Europe/Berlin] PHP Warning:  Undefined array key "time" in D:\xampp\htdocs\My project\CivicPulse\server\getDiscussions.php on line 72
[19-May-2025 00:29:22 Europe/Berlin] PHP Deprecated:  strtotime(): Passing null to parameter #1 ($datetime) of type string is deprecated in D:\xampp\htdocs\My project\CivicPulse\server\getDiscussions.php on line 72
[19-May-2025 00:29:22 Europe/Berlin] PHP Warning:  Undefined array key "id" in D:\xampp\htdocs\My project\CivicPulse\server\getDiscussions.php on line 69
[19-May-2025 00:29:22 Europe/Berlin] PHP Warning:  Undefined array key "sender" in D:\xampp\htdocs\My project\CivicPulse\server\getDiscussions.php on line 70
[19-May-2025 00:29:22 Europe/Berlin] PHP Warning:  Undefined array key "text" in D:\xampp\htdocs\My project\CivicPulse\server\getDiscussions.php on line 71
[19-May-2025 00:29:22 Europe/Berlin] PHP Warning:  Undefined array key "time" in D:\xampp\htdocs\My project\CivicPulse\server\getDiscussions.php on line 72
[19-May-2025 00:29:22 Europe/Berlin] PHP Deprecated:  strtotime(): Passing null to parameter #1 ($datetime) of type string is deprecated in D:\xampp\htdocs\My project\CivicPulse\server\getDiscussions.php on line 72
[2025-05-19 00:29:22] Successfully fetched 2 messages for case_id: CASE_961F8F4ACB625F1D
[2025-05-19 00:29:22] Request method: GET
[19-May-2025 00:29:22 Europe/Berlin] PHP Warning:  Undefined array key "id" in D:\xampp\htdocs\My project\CivicPulse\server\getDiscussions.php on line 69
[19-May-2025 00:29:22 Europe/Berlin] PHP Warning:  Undefined array key "sender" in D:\xampp\htdocs\My project\CivicPulse\server\getDiscussions.php on line 70
[19-May-2025 00:29:22 Europe/Berlin] PHP Warning:  Undefined array key "text" in D:\xampp\htdocs\My project\CivicPulse\server\getDiscussions.php on line 71
[19-May-2025 00:29:22 Europe/Berlin] PHP Warning:  Undefined array key "time" in D:\xampp\htdocs\My project\CivicPulse\server\getDiscussions.php on line 72
[19-May-2025 00:29:22 Europe/Berlin] PHP Deprecated:  strtotime(): Passing null to parameter #1 ($datetime) of type string is deprecated in D:\xampp\htdocs\My project\CivicPulse\server\getDiscussions.php on line 72
[19-May-2025 00:29:22 Europe/Berlin] PHP Warning:  Undefined array key "id" in D:\xampp\htdocs\My project\CivicPulse\server\getDiscussions.php on line 69
[19-May-2025 00:29:22 Europe/Berlin] PHP Warning:  Undefined array key "sender" in D:\xampp\htdocs\My project\CivicPulse\server\getDiscussions.php on line 70
[19-May-2025 00:29:22 Europe/Berlin] PHP Warning:  Undefined array key "text" in D:\xampp\htdocs\My project\CivicPulse\server\getDiscussions.php on line 71
[19-May-2025 00:29:22 Europe/Berlin] PHP Warning:  Undefined array key "time" in D:\xampp\htdocs\My project\CivicPulse\server\getDiscussions.php on line 72
[19-May-2025 00:29:22 Europe/Berlin] PHP Deprecated:  strtotime(): Passing null to parameter #1 ($datetime) of type string is deprecated in D:\xampp\htdocs\My project\CivicPulse\server\getDiscussions.php on line 72
[2025-05-19 00:29:22] Successfully fetched 2 messages for case_id: CASE_961F8F4ACB625F1D
[2025-05-19 00:31:47] Request method: GET
[19-May-2025 00:31:47 Europe/Berlin] PHP Warning:  Undefined array key "coordinates" in D:\xampp\htdocs\My project\CivicPulse\server\getInfo.php on line 65
[2025-05-19 00:31:47] Successfully fetched complaint for case_id: CASE_961F8F4ACB625F1D
[2025-05-19 00:31:47] Request method: GET
[19-May-2025 00:31:47 Europe/Berlin] PHP Warning:  Undefined array key "coordinates" in D:\xampp\htdocs\My project\CivicPulse\server\getInfo.php on line 65
[2025-05-19 00:31:47] Successfully fetched complaint for case_id: CASE_961F8F4ACB625F1D
[2025-05-19 00:31:47] Request method: GET
[2025-05-19 00:31:47] Successfully fetched 2 messages for case_id: CASE_961F8F4ACB625F1D
[2025-05-19 00:31:47] Request method: GET
[2025-05-19 00:31:47] Successfully fetched 2 messages for case_id: CASE_961F8F4ACB625F1D
[19-May-2025 00:31:55 Europe/Berlin] agency-dashboard.php - Case ID: CASE_429267C748D4D0F1, Progress: in process
[19-May-2025 00:31:55 Europe/Berlin] agency-dashboard.php - Case ID: CASE_675E018188DAC378, Progress: resolved
[19-May-2025 00:31:55 Europe/Berlin] agency-dashboard.php - Case ID: CASE_961F8F4ACB625F1D, Progress: resolved
[19-May-2025 00:31:55 Europe/Berlin] agency-dashboard.php - Case ID: CASE_9191A619D7E5FB21, Progress: not seen
[19-May-2025 00:31:55 Europe/Berlin] agency-dashboard.php - Case ID: CASE_911098123F398141, Progress: resolved
[19-May-2025 00:31:55 Europe/Berlin] agency-dashboard.php - Case ID: CASE_429267C748D4D0F1, Progress: in process
[19-May-2025 00:31:55 Europe/Berlin] agency-dashboard.php - Case ID: CASE_675E018188DAC378, Progress: resolved
[19-May-2025 00:31:55 Europe/Berlin] agency-dashboard.php - Case ID: CASE_961F8F4ACB625F1D, Progress: resolved
[19-May-2025 00:31:55 Europe/Berlin] agency-dashboard.php - Case ID: CASE_9191A619D7E5FB21, Progress: not seen
[19-May-2025 00:31:55 Europe/Berlin] agency-dashboard.php - Case ID: CASE_911098123F398141, Progress: resolved
[2025-05-19 00:32:19] Request method: GET
[2025-05-19 00:32:19] Successfully fetched 0 messages for case_id: CASE_90F6F1EA2896D805
[2025-05-19 00:39:04] Request method: GET
[2025-05-19 00:39:04] Successfully fetched 0 messages for case_id: CASE_90F6F1EA2896D805
[2025-05-19 00:39:23] Raw input: {"case_id":"CASE_90F6F1EA2896D805","comment":"How is the issue??"}
[2025-05-19 00:39:23] Successfully added comment for case_id: CASE_90F6F1EA2896D805
[19-May-2025 00:44:26 Europe/Berlin] agency-dashboard.php - Case ID: CASE_429267C748D4D0F1, Progress: in process
[19-May-2025 00:44:26 Europe/Berlin] agency-dashboard.php - Case ID: CASE_675E018188DAC378, Progress: resolved
[19-May-2025 00:44:26 Europe/Berlin] agency-dashboard.php - Case ID: CASE_961F8F4ACB625F1D, Progress: resolved
[19-May-2025 00:44:26 Europe/Berlin] agency-dashboard.php - Case ID: CASE_9191A619D7E5FB21, Progress: not seen
[19-May-2025 00:44:26 Europe/Berlin] agency-dashboard.php - Case ID: CASE_911098123F398141, Progress: resolved
[19-May-2025 00:44:26 Europe/Berlin] agency-dashboard.php - Case ID: CASE_95395F2D9EF7A823, Progress: not seen
[19-May-2025 00:44:26 Europe/Berlin] agency-dashboard.php - Case ID: CASE_429267C748D4D0F1, Progress: in process
[19-May-2025 00:44:26 Europe/Berlin] agency-dashboard.php - Case ID: CASE_675E018188DAC378, Progress: resolved
[19-May-2025 00:44:26 Europe/Berlin] agency-dashboard.php - Case ID: CASE_961F8F4ACB625F1D, Progress: resolved
[19-May-2025 00:44:26 Europe/Berlin] agency-dashboard.php - Case ID: CASE_9191A619D7E5FB21, Progress: not seen
[19-May-2025 00:44:26 Europe/Berlin] agency-dashboard.php - Case ID: CASE_911098123F398141, Progress: resolved
[19-May-2025 00:44:26 Europe/Berlin] agency-dashboard.php - Case ID: CASE_95395F2D9EF7A823, Progress: not seen
[2025-05-19 00:44:36] Request method: GET
[19-May-2025 00:44:36 Europe/Berlin] PHP Warning:  Undefined array key "coordinates" in D:\xampp\htdocs\My project\CivicPulse\server\getInfo.php on line 65
[2025-05-19 00:44:36] Successfully fetched complaint for case_id: CASE_95395F2D9EF7A823
[2025-05-19 00:44:36] Request method: GET
[19-May-2025 00:44:36 Europe/Berlin] PHP Warning:  Undefined array key "coordinates" in D:\xampp\htdocs\My project\CivicPulse\server\getInfo.php on line 65
[2025-05-19 00:44:36] Successfully fetched complaint for case_id: CASE_95395F2D9EF7A823
[2025-05-19 00:44:36] Request method: GET
[2025-05-19 00:44:36] Successfully fetched 0 messages for case_id: CASE_95395F2D9EF7A823
[2025-05-19 00:44:36] Request method: GET
[2025-05-19 00:44:36] Successfully fetched 0 messages for case_id: CASE_95395F2D9EF7A823
[2025-05-19 00:44:39] Request method: GET
[19-May-2025 00:44:39 Europe/Berlin] PHP Warning:  Undefined array key "coordinates" in D:\xampp\htdocs\My project\CivicPulse\server\getInfo.php on line 65
[2025-05-19 00:44:39] Successfully fetched complaint for case_id: CASE_95395F2D9EF7A823
[2025-05-19 00:44:39] Request method: GET
[2025-05-19 00:44:39] Request method: GET
[19-May-2025 00:44:39 Europe/Berlin] PHP Warning:  Undefined array key "coordinates" in D:\xampp\htdocs\My project\CivicPulse\server\getInfo.php on line 65
[2025-05-19 00:44:39] Successfully fetched 0 messages for case_id: CASE_95395F2D9EF7A823
[2025-05-19 00:44:39] Successfully fetched complaint for case_id: CASE_95395F2D9EF7A823
[2025-05-19 00:44:39] Request method: GET
[2025-05-19 00:44:39] Successfully fetched 0 messages for case_id: CASE_95395F2D9EF7A823
[19-May-2025 00:44:48 Europe/Berlin] agency-dashboard.php - Case ID: CASE_429267C748D4D0F1, Progress: in process
[19-May-2025 00:44:48 Europe/Berlin] agency-dashboard.php - Case ID: CASE_675E018188DAC378, Progress: resolved
[19-May-2025 00:44:48 Europe/Berlin] agency-dashboard.php - Case ID: CASE_961F8F4ACB625F1D, Progress: resolved
[19-May-2025 00:44:48 Europe/Berlin] agency-dashboard.php - Case ID: CASE_9191A619D7E5FB21, Progress: not seen
[19-May-2025 00:44:48 Europe/Berlin] agency-dashboard.php - Case ID: CASE_911098123F398141, Progress: resolved
[19-May-2025 00:44:48 Europe/Berlin] agency-dashboard.php - Case ID: CASE_95395F2D9EF7A823, Progress: not seen
[19-May-2025 00:44:48 Europe/Berlin] agency-dashboard.php - Case ID: CASE_429267C748D4D0F1, Progress: in process
[19-May-2025 00:44:48 Europe/Berlin] agency-dashboard.php - Case ID: CASE_675E018188DAC378, Progress: resolved
[19-May-2025 00:44:48 Europe/Berlin] agency-dashboard.php - Case ID: CASE_961F8F4ACB625F1D, Progress: resolved
[19-May-2025 00:44:48 Europe/Berlin] agency-dashboard.php - Case ID: CASE_9191A619D7E5FB21, Progress: not seen
[19-May-2025 00:44:48 Europe/Berlin] agency-dashboard.php - Case ID: CASE_911098123F398141, Progress: resolved
[19-May-2025 00:44:48 Europe/Berlin] agency-dashboard.php - Case ID: CASE_95395F2D9EF7A823, Progress: not seen
[2025-05-19 00:44:51] Request method: GET
[19-May-2025 00:44:51 Europe/Berlin] PHP Warning:  Undefined array key "coordinates" in D:\xampp\htdocs\My project\CivicPulse\server\getInfo.php on line 65
[2025-05-19 00:44:51] Successfully fetched complaint for case_id: CASE_9191A619D7E5FB21
[2025-05-19 00:44:51] Request method: GET
[2025-05-19 00:44:51] Request method: GET
[19-May-2025 00:44:51 Europe/Berlin] PHP Warning:  Undefined array key "coordinates" in D:\xampp\htdocs\My project\CivicPulse\server\getInfo.php on line 65
[2025-05-19 00:44:51] Successfully fetched 0 messages for case_id: CASE_9191A619D7E5FB21
[2025-05-19 00:44:51] Successfully fetched complaint for case_id: CASE_9191A619D7E5FB21
[2025-05-19 00:44:51] Request method: GET
[2025-05-19 00:44:51] Successfully fetched 0 messages for case_id: CASE_9191A619D7E5FB21
[19-May-2025 00:44:54 Europe/Berlin] agency-dashboard.php - Case ID: CASE_429267C748D4D0F1, Progress: in process
[19-May-2025 00:44:54 Europe/Berlin] agency-dashboard.php - Case ID: CASE_675E018188DAC378, Progress: resolved
[19-May-2025 00:44:54 Europe/Berlin] agency-dashboard.php - Case ID: CASE_961F8F4ACB625F1D, Progress: resolved
[19-May-2025 00:44:54 Europe/Berlin] agency-dashboard.php - Case ID: CASE_9191A619D7E5FB21, Progress: not seen
[19-May-2025 00:44:54 Europe/Berlin] agency-dashboard.php - Case ID: CASE_911098123F398141, Progress: resolved
[19-May-2025 00:44:54 Europe/Berlin] agency-dashboard.php - Case ID: CASE_95395F2D9EF7A823, Progress: not seen
[19-May-2025 00:44:54 Europe/Berlin] agency-dashboard.php - Case ID: CASE_429267C748D4D0F1, Progress: in process
[19-May-2025 00:44:54 Europe/Berlin] agency-dashboard.php - Case ID: CASE_675E018188DAC378, Progress: resolved
[19-May-2025 00:44:54 Europe/Berlin] agency-dashboard.php - Case ID: CASE_961F8F4ACB625F1D, Progress: resolved
[19-May-2025 00:44:54 Europe/Berlin] agency-dashboard.php - Case ID: CASE_9191A619D7E5FB21, Progress: not seen
[19-May-2025 00:44:54 Europe/Berlin] agency-dashboard.php - Case ID: CASE_911098123F398141, Progress: resolved
[19-May-2025 00:44:54 Europe/Berlin] agency-dashboard.php - Case ID: CASE_95395F2D9EF7A823, Progress: not seen
[2025-05-19 00:44:56] Request method: GET
[19-May-2025 00:44:56 Europe/Berlin] PHP Warning:  Undefined array key "coordinates" in D:\xampp\htdocs\My project\CivicPulse\server\getInfo.php on line 65
[2025-05-19 00:44:56] Successfully fetched complaint for case_id: CASE_961F8F4ACB625F1D
[2025-05-19 00:44:56] Request method: GET
[2025-05-19 00:44:56] Request method: GET
[19-May-2025 00:44:56 Europe/Berlin] PHP Warning:  Undefined array key "coordinates" in D:\xampp\htdocs\My project\CivicPulse\server\getInfo.php on line 65
[2025-05-19 00:44:56] Successfully fetched 2 messages for case_id: CASE_961F8F4ACB625F1D
[2025-05-19 00:44:56] Successfully fetched complaint for case_id: CASE_961F8F4ACB625F1D
[2025-05-19 00:44:56] Request method: GET
[2025-05-19 00:44:56] Successfully fetched 2 messages for case_id: CASE_961F8F4ACB625F1D
[19-May-2025 00:44:58 Europe/Berlin] agency-dashboard.php - Case ID: CASE_429267C748D4D0F1, Progress: in process
[19-May-2025 00:44:58 Europe/Berlin] agency-dashboard.php - Case ID: CASE_675E018188DAC378, Progress: resolved
[19-May-2025 00:44:58 Europe/Berlin] agency-dashboard.php - Case ID: CASE_961F8F4ACB625F1D, Progress: resolved
[19-May-2025 00:44:58 Europe/Berlin] agency-dashboard.php - Case ID: CASE_9191A619D7E5FB21, Progress: not seen
[19-May-2025 00:44:58 Europe/Berlin] agency-dashboard.php - Case ID: CASE_911098123F398141, Progress: resolved
[19-May-2025 00:44:58 Europe/Berlin] agency-dashboard.php - Case ID: CASE_95395F2D9EF7A823, Progress: not seen
[19-May-2025 00:44:58 Europe/Berlin] agency-dashboard.php - Case ID: CASE_429267C748D4D0F1, Progress: in process
[19-May-2025 00:44:58 Europe/Berlin] agency-dashboard.php - Case ID: CASE_675E018188DAC378, Progress: resolved
[19-May-2025 00:44:58 Europe/Berlin] agency-dashboard.php - Case ID: CASE_961F8F4ACB625F1D, Progress: resolved
[19-May-2025 00:44:58 Europe/Berlin] agency-dashboard.php - Case ID: CASE_9191A619D7E5FB21, Progress: not seen
[19-May-2025 00:44:58 Europe/Berlin] agency-dashboard.php - Case ID: CASE_911098123F398141, Progress: resolved
[19-May-2025 00:44:58 Europe/Berlin] agency-dashboard.php - Case ID: CASE_95395F2D9EF7A823, Progress: not seen
[2025-05-19 00:45:00] Request method: GET
[19-May-2025 00:45:00 Europe/Berlin] PHP Warning:  Undefined array key "coordinates" in D:\xampp\htdocs\My project\CivicPulse\server\getInfo.php on line 65
[2025-05-19 00:45:00] Successfully fetched complaint for case_id: CASE_95395F2D9EF7A823
[2025-05-19 00:45:00] Request method: GET
[2025-05-19 00:45:00] Request method: GET
[2025-05-19 00:45:00] Successfully fetched 0 messages for case_id: CASE_95395F2D9EF7A823
\xampp\htdocs\My project\CivicPulse\server\getInfo.php on line 65
[2025-05-19 00:45:00] Successfully fetched complaint for case_id: CASE_95395F2D9EF7A823
[2025-05-19 00:45:00] Request method: GET
[2025-05-19 00:45:00] Successfully fetched 0 messages for case_id: CASE_95395F2D9EF7A823
[19-May-2025 00:45:04 Europe/Berlin] agency-dashboard.php - Case ID: CASE_429267C748D4D0F1, Progress: in process
[19-May-2025 00:45:04 Europe/Berlin] agency-dashboard.php - Case ID: CASE_675E018188DAC378, Progress: resolved
[19-May-2025 00:45:04 Europe/Berlin] agency-dashboard.php - Case ID: CASE_961F8F4ACB625F1D, Progress: resolved
[19-May-2025 00:45:04 Europe/Berlin] agency-dashboard.php - Case ID: CASE_9191A619D7E5FB21, Progress: not seen
[19-May-2025 00:45:04 Europe/Berlin] agency-dashboard.php - Case ID: CASE_911098123F398141, Progress: resolved
[19-May-2025 00:45:04 Europe/Berlin] agency-dashboard.php - Case ID: CASE_95395F2D9EF7A823, Progress: not seen
[19-May-2025 00:45:04 Europe/Berlin] agency-dashboard.php - Case ID: CASE_429267C748D4D0F1, Progress: in process
[19-May-2025 00:45:04 Europe/Berlin] agency-dashboard.php - Case ID: CASE_675E018188DAC378, Progress: resolved
[19-May-2025 00:45:04 Europe/Berlin] agency-dashboard.php - Case ID: CASE_961F8F4ACB625F1D, Progress: resolved
[19-May-2025 00:45:04 Europe/Berlin] agency-dashboard.php - Case ID: CASE_9191A619D7E5FB21, Progress: not seen
[19-May-2025 00:45:04 Europe/Berlin] agency-dashboard.php - Case ID: CASE_911098123F398141, Progress: resolved
[19-May-2025 00:45:04 Europe/Berlin] agency-dashboard.php - Case ID: CASE_95395F2D9EF7A823, Progress: not seen
[19-May-2025 00:50:09 Europe/Berlin] agency-dashboard.php - Case ID: CASE_429267C748D4D0F1, Progress: in process
[19-May-2025 00:50:09 Europe/Berlin] agency-dashboard.php - Case ID: CASE_675E018188DAC378, Progress: resolved
[19-May-2025 00:50:09 Europe/Berlin] agency-dashboard.php - Case ID: CASE_961F8F4ACB625F1D, Progress: resolved
[19-May-2025 00:50:09 Europe/Berlin] agency-dashboard.php - Case ID: CASE_9191A619D7E5FB21, Progress: not seen
[19-May-2025 00:50:09 Europe/Berlin] agency-dashboard.php - Case ID: CASE_911098123F398141, Progress: resolved
[19-May-2025 00:50:09 Europe/Berlin] agency-dashboard.php - Case ID: CASE_95395F2D9EF7A823, Progress: not seen
[19-May-2025 00:50:09 Europe/Berlin] agency-dashboard.php - Case ID: CASE_429267C748D4D0F1, Progress: in process
[19-May-2025 00:50:09 Europe/Berlin] agency-dashboard.php - Case ID: CASE_675E018188DAC378, Progress: resolved
[19-May-2025 00:50:09 Europe/Berlin] agency-dashboard.php - Case ID: CASE_961F8F4ACB625F1D, Progress: resolved
[19-May-2025 00:50:09 Europe/Berlin] agency-dashboard.php - Case ID: CASE_9191A619D7E5FB21, Progress: not seen
[19-May-2025 00:50:09 Europe/Berlin] agency-dashboard.php - Case ID: CASE_911098123F398141, Progress: resolved
[19-May-2025 00:50:09 Europe/Berlin] agency-dashboard.php - Case ID: CASE_95395F2D9EF7A823, Progress: not seen
[2025-05-19 00:50:16] Request method: GET
[2025-05-19 00:50:16] Successfully fetched complaint for case_id: CASE_9191A619D7E5FB21
[2025-05-19 00:50:16] Request method: GET
[2025-05-19 00:50:16] Request method: GET
[2025-05-19 00:50:16] Successfully fetched 0 messages for case_id: CASE_9191A619D7E5FB21
[2025-05-19 00:50:16] Successfully fetched complaint for case_id: CASE_9191A619D7E5FB21
[2025-05-19 00:50:16] Request method: GET
[2025-05-19 00:50:16] Successfully fetched 0 messages for case_id: CASE_9191A619D7E5FB21
[2025-05-19 00:57:24] Request method: GET
[2025-05-19 00:57:24] Request method: GET
[2025-05-19 00:57:24] Successfully fetched complaint for case_id: CASE_9191A619D7E5FB21
[2025-05-19 00:57:24] Successfully fetched complaint for case_id: CASE_9191A619D7E5FB21
[2025-05-19 00:57:24] Request method: GET
[2025-05-19 00:57:24] Request method: GET
[2025-05-19 00:57:24] Successfully fetched 0 messages for case_id: CASE_9191A619D7E5FB21
[2025-05-19 00:57:24] Successfully fetched 0 messages for case_id: CASE_9191A619D7E5FB21
[2025-05-19 00:57:52] Raw input: {"case_id":"CASE_911098123F398141","comment":"sdfghjkldfghjkl"}
[2025-05-19 00:57:52] Successfully added comment for case_id: CASE_911098123F398141
[2025-05-19 00:58:07] Request method: GET
[2025-05-19 00:58:07] Successfully fetched 4 messages for case_id: CASE_911098123F398141
[2025-05-19 00:58:11] Request method: GET
[2025-05-19 00:58:11] Successfully fetched 4 messages for case_id: CASE_911098123F398141
[19-May-2025 00:58:45 Europe/Berlin] agency-dashboard.php - Case ID: CASE_429267C748D4D0F1, Progress: in process
[19-May-2025 00:58:45 Europe/Berlin] agency-dashboard.php - Case ID: CASE_675E018188DAC378, Progress: resolved
[19-May-2025 00:58:45 Europe/Berlin] agency-dashboard.php - Case ID: CASE_961F8F4ACB625F1D, Progress: resolved
[19-May-2025 00:58:45 Europe/Berlin] agency-dashboard.php - Case ID: CASE_9191A619D7E5FB21, Progress: not seen
[19-May-2025 00:58:45 Europe/Berlin] agency-dashboard.php - Case ID: CASE_911098123F398141, Progress: resolved
[19-May-2025 00:58:45 Europe/Berlin] agency-dashboard.php - Case ID: CASE_95395F2D9EF7A823, Progress: not seen
[19-May-2025 00:58:45 Europe/Berlin] agency-dashboard.php - Case ID: CASE_429267C748D4D0F1, Progress: in process
[19-May-2025 00:58:45 Europe/Berlin] agency-dashboard.php - Case ID: CASE_675E018188DAC378, Progress: resolved
[19-May-2025 00:58:45 Europe/Berlin] agency-dashboard.php - Case ID: CASE_961F8F4ACB625F1D, Progress: resolved
[19-May-2025 00:58:45 Europe/Berlin] agency-dashboard.php - Case ID: CASE_9191A619D7E5FB21, Progress: not seen
[19-May-2025 00:58:45 Europe/Berlin] agency-dashboard.php - Case ID: CASE_911098123F398141, Progress: resolved
[19-May-2025 00:58:45 Europe/Berlin] agency-dashboard.php - Case ID: CASE_95395F2D9EF7A823, Progress: not seen
[2025-05-19 00:58:51] Request method: GET
[2025-05-19 00:58:51] Successfully fetched complaint for case_id: CASE_675E018188DAC378
[2025-05-19 00:58:51] Request method: GET
[2025-05-19 00:58:51] Request method: GET
[2025-05-19 00:58:52] Successfully fetched complaint for case_id: CASE_675E018188DAC378
[2025-05-19 00:58:52] Successfully fetched 2 messages for case_id: CASE_675E018188DAC378
[2025-05-19 00:58:52] Request method: GET
[2025-05-19 00:58:52] Successfully fetched 2 messages for case_id: CASE_675E018188DAC378
[19-May-2025 00:59:01 Europe/Berlin] agency-dashboard.php - Case ID: CASE_429267C748D4D0F1, Progress: in process
[19-May-2025 00:59:01 Europe/Berlin] agency-dashboard.php - Case ID: CASE_675E018188DAC378, Progress: resolved
[19-May-2025 00:59:01 Europe/Berlin] agency-dashboard.php - Case ID: CASE_961F8F4ACB625F1D, Progress: resolved
[19-May-2025 00:59:01 Europe/Berlin] agency-dashboard.php - Case ID: CASE_9191A619D7E5FB21, Progress: not seen
[19-May-2025 00:59:01 Europe/Berlin] agency-dashboard.php - Case ID: CASE_911098123F398141, Progress: resolved
[19-May-2025 00:59:01 Europe/Berlin] agency-dashboard.php - Case ID: CASE_95395F2D9EF7A823, Progress: not seen
[19-May-2025 00:59:02 Europe/Berlin] agency-dashboard.php - Case ID: CASE_429267C748D4D0F1, Progress: in process
[19-May-2025 00:59:02 Europe/Berlin] agency-dashboard.php - Case ID: CASE_675E018188DAC378, Progress: resolved
[19-May-2025 00:59:02 Europe/Berlin] agency-dashboard.php - Case ID: CASE_961F8F4ACB625F1D, Progress: resolved
[19-May-2025 00:59:02 Europe/Berlin] agency-dashboard.php - Case ID: CASE_9191A619D7E5FB21, Progress: not seen
[19-May-2025 00:59:02 Europe/Berlin] agency-dashboard.php - Case ID: CASE_911098123F398141, Progress: resolved
[19-May-2025 00:59:02 Europe/Berlin] agency-dashboard.php - Case ID: CASE_95395F2D9EF7A823, Progress: not seen
[2025-05-19 00:59:05] Request method: GET
[2025-05-19 00:59:05] Successfully fetched complaint for case_id: CASE_95395F2D9EF7A823
[2025-05-19 00:59:05] Request method: GET
[2025-05-19 00:59:05] Request method: GET
[2025-05-19 00:59:05] Successfully fetched complaint for case_id: CASE_95395F2D9EF7A823
[2025-05-19 00:59:05] Successfully fetched 0 messages for case_id: CASE_95395F2D9EF7A823
[2025-05-19 00:59:05] Request method: GET
[2025-05-19 00:59:05] Successfully fetched 0 messages for case_id: CASE_95395F2D9EF7A823
[2025-05-19 00:59:36] Request method: OPTIONS
[2025-05-19 00:59:36] Request method: POST
[2025-05-19 00:59:36] Raw input: {"case_id":"CASE_95395F2D9EF7A823"}
[2025-05-19 00:59:36] Successfully updated status to resolved for case_id: CASE_95395F2D9EF7A823
[2025-05-19 00:59:36] Request method: GET
[2025-05-19 00:59:36] Successfully fetched complaint for case_id: CASE_95395F2D9EF7A823
[2025-05-19 00:59:36] Request method: GET
[2025-05-19 00:59:36] Successfully fetched 0 messages for case_id: CASE_95395F2D9EF7A823
[19-May-2025 00:59:39 Europe/Berlin] agency-dashboard.php - Case ID: CASE_429267C748D4D0F1, Progress: in process
[19-May-2025 00:59:39 Europe/Berlin] agency-dashboard.php - Case ID: CASE_675E018188DAC378, Progress: resolved
[19-May-2025 00:59:39 Europe/Berlin] agency-dashboard.php - Case ID: CASE_961F8F4ACB625F1D, Progress: resolved
[19-May-2025 00:59:39 Europe/Berlin] agency-dashboard.php - Case ID: CASE_9191A619D7E5FB21, Progress: not seen
[19-May-2025 00:59:39 Europe/Berlin] agency-dashboard.php - Case ID: CASE_911098123F398141, Progress: resolved
[19-May-2025 00:59:39 Europe/Berlin] agency-dashboard.php - Case ID: CASE_95395F2D9EF7A823, Progress: resolved
[19-May-2025 00:59:39 Europe/Berlin] agency-dashboard.php - Case ID: CASE_429267C748D4D0F1, Progress: in process
[19-May-2025 00:59:39 Europe/Berlin] agency-dashboard.php - Case ID: CASE_675E018188DAC378, Progress: resolved
[19-May-2025 00:59:39 Europe/Berlin] agency-dashboard.php - Case ID: CASE_961F8F4ACB625F1D, Progress: resolved
[19-May-2025 00:59:39 Europe/Berlin] agency-dashboard.php - Case ID: CASE_9191A619D7E5FB21, Progress: not seen
[19-May-2025 00:59:39 Europe/Berlin] agency-dashboard.php - Case ID: CASE_911098123F398141, Progress: resolved
[19-May-2025 00:59:39 Europe/Berlin] agency-dashboard.php - Case ID: CASE_95395F2D9EF7A823, Progress: resolved
[19-May-2025 01:03:27 Europe/Berlin] agency-dashboard.php - Case ID: CASE_429267C748D4D0F1, Progress: in process
[19-May-2025 01:03:27 Europe/Berlin] agency-dashboard.php - Case ID: CASE_675E018188DAC378, Progress: resolved
[19-May-2025 01:03:27 Europe/Berlin] agency-dashboard.php - Case ID: CASE_961F8F4ACB625F1D, Progress: resolved
[19-May-2025 01:03:27 Europe/Berlin] agency-dashboard.php - Case ID: CASE_9191A619D7E5FB21, Progress: not seen
[19-May-2025 01:03:27 Europe/Berlin] agency-dashboard.php - Case ID: CASE_911098123F398141, Progress: resolved
[19-May-2025 01:03:27 Europe/Berlin] agency-dashboard.php - Case ID: CASE_95395F2D9EF7A823, Progress: resolved
[19-May-2025 01:03:27 Europe/Berlin] agency-dashboard.php - Case ID: CASE_429267C748D4D0F1, Progress: in process
[19-May-2025 01:03:27 Europe/Berlin] agency-dashboard.php - Case ID: CASE_675E018188DAC378, Progress: resolved
[19-May-2025 01:03:27 Europe/Berlin] agency-dashboard.php - Case ID: CASE_961F8F4ACB625F1D, Progress: resolved
[19-May-2025 01:03:27 Europe/Berlin] agency-dashboard.php - Case ID: CASE_9191A619D7E5FB21, Progress: not seen
[19-May-2025 01:03:27 Europe/Berlin] agency-dashboard.php - Case ID: CASE_911098123F398141, Progress: resolved
[19-May-2025 01:03:27 Europe/Berlin] agency-dashboard.php - Case ID: CASE_95395F2D9EF7A823, Progress: resolved
[2025-05-19 01:11:39] Request method: OPTIONS
[2025-05-19 01:11:39] Request method: POST
[2025-05-19 01:11:39] Raw input: {"case_id":"CASE_961F8F4ACB625F1D","message":"are you arlight?","sender":"user"}
[2025-05-19 01:11:39] Successfully added message for case_id: CASE_961F8F4ACB625F1D
[19-May-2025 01:11:42 Europe/Berlin] agency-dashboard.php - Case ID: CASE_429267C748D4D0F1, Progress: in process
[19-May-2025 01:11:42 Europe/Berlin] agency-dashboard.php - Case ID: CASE_675E018188DAC378, Progress: resolved
[19-May-2025 01:11:42 Europe/Berlin] agency-dashboard.php - Case ID: CASE_961F8F4ACB625F1D, Progress: resolved
[19-May-2025 01:11:42 Europe/Berlin] agency-dashboard.php - Case ID: CASE_9191A619D7E5FB21, Progress: not seen
[19-May-2025 01:11:42 Europe/Berlin] agency-dashboard.php - Case ID: CASE_911098123F398141, Progress: resolved
[19-May-2025 01:11:42 Europe/Berlin] agency-dashboard.php - Case ID: CASE_95395F2D9EF7A823, Progress: resolved
[19-May-2025 01:11:42 Europe/Berlin] agency-dashboard.php - Case ID: CASE_429267C748D4D0F1, Progress: in process
[19-May-2025 01:11:42 Europe/Berlin] agency-dashboard.php - Case ID: CASE_675E018188DAC378, Progress: resolved
[19-May-2025 01:11:42 Europe/Berlin] agency-dashboard.php - Case ID: CASE_961F8F4ACB625F1D, Progress: resolved
[19-May-2025 01:11:42 Europe/Berlin] agency-dashboard.php - Case ID: CASE_9191A619D7E5FB21, Progress: not seen
[19-May-2025 01:11:42 Europe/Berlin] agency-dashboard.php - Case ID: CASE_911098123F398141, Progress: resolved
[19-May-2025 01:11:42 Europe/Berlin] agency-dashboard.php - Case ID: CASE_95395F2D9EF7A823, Progress: resolved
[2025-05-19 01:11:44] Request method: GET
[2025-05-19 01:11:44] Successfully fetched complaint for case_id: CASE_675E018188DAC378
[2025-05-19 01:11:44] Request method: GET
[2025-05-19 01:11:44] Request method: GET
[2025-05-19 01:11:44] Successfully fetched complaint for case_id: CASE_675E018188DAC378
[2025-05-19 01:11:44] Successfully fetched 2 messages for case_id: CASE_675E018188DAC378
[2025-05-19 01:11:44] Request method: GET
[2025-05-19 01:11:44] Successfully fetched 2 messages for case_id: CASE_675E018188DAC378
[19-May-2025 01:11:47 Europe/Berlin] agency-dashboard.php - Case ID: CASE_429267C748D4D0F1, Progress: in process
[19-May-2025 01:11:47 Europe/Berlin] agency-dashboard.php - Case ID: CASE_675E018188DAC378, Progress: resolved
[19-May-2025 01:11:47 Europe/Berlin] agency-dashboard.php - Case ID: CASE_961F8F4ACB625F1D, Progress: resolved
[19-May-2025 01:11:47 Europe/Berlin] agency-dashboard.php - Case ID: CASE_9191A619D7E5FB21, Progress: not seen
[19-May-2025 01:11:47 Europe/Berlin] agency-dashboard.php - Case ID: CASE_911098123F398141, Progress: resolved
[19-May-2025 01:11:47 Europe/Berlin] agency-dashboard.php - Case ID: CASE_95395F2D9EF7A823, Progress: resolved
[19-May-2025 01:11:47 Europe/Berlin] agency-dashboard.php - Case ID: CASE_429267C748D4D0F1, Progress: in process
[19-May-2025 01:11:47 Europe/Berlin] agency-dashboard.php - Case ID: CASE_675E018188DAC378, Progress: resolved
[19-May-2025 01:11:47 Europe/Berlin] agency-dashboard.php - Case ID: CASE_961F8F4ACB625F1D, Progress: resolved
[19-May-2025 01:11:47 Europe/Berlin] agency-dashboard.php - Case ID: CASE_9191A619D7E5FB21, Progress: not seen
[19-May-2025 01:11:47 Europe/Berlin] agency-dashboard.php - Case ID: CASE_911098123F398141, Progress: resolved
[19-May-2025 01:11:47 Europe/Berlin] agency-dashboard.php - Case ID: CASE_95395F2D9EF7A823, Progress: resolved
[2025-05-19 01:11:53] Request method: GET
[2025-05-19 01:11:53] Successfully fetched complaint for case_id: CASE_911098123F398141
[2025-05-19 01:11:53] Request method: GET
[2025-05-19 01:11:53] Request method: GET
[2025-05-19 01:11:53] Successfully fetched complaint for case_id: CASE_911098123F398141
[2025-05-19 01:11:53] Successfully fetched 4 messages for case_id: CASE_911098123F398141
[2025-05-19 01:11:53] Request method: GET
[2025-05-19 01:11:53] Successfully fetched 4 messages for case_id: CASE_911098123F398141
[19-May-2025 01:11:55 Europe/Berlin] agency-dashboard.php - Case ID: CASE_429267C748D4D0F1, Progress: in process
[19-May-2025 01:11:55 Europe/Berlin] agency-dashboard.php - Case ID: CASE_675E018188DAC378, Progress: resolved
[19-May-2025 01:11:55 Europe/Berlin] agency-dashboard.php - Case ID: CASE_961F8F4ACB625F1D, Progress: resolved
[19-May-2025 01:11:55 Europe/Berlin] agency-dashboard.php - Case ID: CASE_9191A619D7E5FB21, Progress: not seen
[19-May-2025 01:11:55 Europe/Berlin] agency-dashboard.php - Case ID: CASE_911098123F398141, Progress: resolved
[19-May-2025 01:11:55 Europe/Berlin] agency-dashboard.php - Case ID: CASE_95395F2D9EF7A823, Progress: resolved
[19-May-2025 01:11:55 Europe/Berlin] agency-dashboard.php - Case ID: CASE_429267C748D4D0F1, Progress: in process
[19-May-2025 01:11:55 Europe/Berlin] agency-dashboard.php - Case ID: CASE_675E018188DAC378, Progress: resolved
[19-May-2025 01:11:55 Europe/Berlin] agency-dashboard.php - Case ID: CASE_961F8F4ACB625F1D, Progress: resolved
[19-May-2025 01:11:55 Europe/Berlin] agency-dashboard.php - Case ID: CASE_9191A619D7E5FB21, Progress: not seen
[19-May-2025 01:11:55 Europe/Berlin] agency-dashboard.php - Case ID: CASE_911098123F398141, Progress: resolved
[19-May-2025 01:11:55 Europe/Berlin] agency-dashboard.php - Case ID: CASE_95395F2D9EF7A823, Progress: resolved
[19-May-2025 01:20:35 Europe/Berlin] agency-dashboard.php - Case ID: CASE_429267C748D4D0F1, Progress: in process
[19-May-2025 01:20:35 Europe/Berlin] agency-dashboard.php - Case ID: CASE_675E018188DAC378, Progress: resolved
[19-May-2025 01:20:35 Europe/Berlin] agency-dashboard.php - Case ID: CASE_961F8F4ACB625F1D, Progress: resolved
[19-May-2025 01:20:35 Europe/Berlin] agency-dashboard.php - Case ID: CASE_9191A619D7E5FB21, Progress: not seen
[19-May-2025 01:20:35 Europe/Berlin] agency-dashboard.php - Case ID: CASE_911098123F398141, Progress: resolved
[19-May-2025 01:20:35 Europe/Berlin] agency-dashboard.php - Case ID: CASE_95395F2D9EF7A823, Progress: resolved
[19-May-2025 01:20:35 Europe/Berlin] agency-dashboard.php - Case ID: CASE_429267C748D4D0F1, Progress: in process
[19-May-2025 01:20:35 Europe/Berlin] agency-dashboard.php - Case ID: CASE_675E018188DAC378, Progress: resolved
[19-May-2025 01:20:35 Europe/Berlin] agency-dashboard.php - Case ID: CASE_961F8F4ACB625F1D, Progress: resolved
[19-May-2025 01:20:35 Europe/Berlin] agency-dashboard.php - Case ID: CASE_9191A619D7E5FB21, Progress: not seen
[19-May-2025 01:20:35 Europe/Berlin] agency-dashboard.php - Case ID: CASE_911098123F398141, Progress: resolved
[19-May-2025 01:20:35 Europe/Berlin] agency-dashboard.php - Case ID: CASE_95395F2D9EF7A823, Progress: resolved
[2025-05-19 01:20:49] Request method: GET
[2025-05-19 01:20:49] Successfully fetched complaint for case_id: CASE_961F8F4ACB625F1D
[2025-05-19 01:20:49] Request method: GET
[2025-05-19 01:20:49] Successfully fetched complaint for case_id: CASE_961F8F4ACB625F1D
[2025-05-19 01:20:49] Request method: GET
[2025-05-19 01:20:49] Successfully fetched 3 messages for case_id: CASE_961F8F4ACB625F1D
[2025-05-19 01:20:49] Request method: GET
[2025-05-19 01:20:49] Successfully fetched 3 messages for case_id: CASE_961F8F4ACB625F1D
[19-May-2025 01:21:00 Europe/Berlin] agency-dashboard.php - Case ID: CASE_429267C748D4D0F1, Progress: in process
[19-May-2025 01:21:00 Europe/Berlin] agency-dashboard.php - Case ID: CASE_675E018188DAC378, Progress: resolved
[19-May-2025 01:21:00 Europe/Berlin] agency-dashboard.php - Case ID: CASE_961F8F4ACB625F1D, Progress: resolved
[19-May-2025 01:21:00 Europe/Berlin] agency-dashboard.php - Case ID: CASE_9191A619D7E5FB21, Progress: not seen
[19-May-2025 01:21:00 Europe/Berlin] agency-dashboard.php - Case ID: CASE_911098123F398141, Progress: resolved
[19-May-2025 01:21:00 Europe/Berlin] agency-dashboard.php - Case ID: CASE_95395F2D9EF7A823, Progress: resolved
[19-May-2025 01:21:00 Europe/Berlin] agency-dashboard.php - Case ID: CASE_429267C748D4D0F1, Progress: in process
[19-May-2025 01:21:00 Europe/Berlin] agency-dashboard.php - Case ID: CASE_675E018188DAC378, Progress: resolved
[19-May-2025 01:21:00 Europe/Berlin] agency-dashboard.php - Case ID: CASE_961F8F4ACB625F1D, Progress: resolved
[19-May-2025 01:21:00 Europe/Berlin] agency-dashboard.php - Case ID: CASE_9191A619D7E5FB21, Progress: not seen
[19-May-2025 01:21:00 Europe/Berlin] agency-dashboard.php - Case ID: CASE_911098123F398141, Progress: resolved
[19-May-2025 01:21:00 Europe/Berlin] agency-dashboard.php - Case ID: CASE_95395F2D9EF7A823, Progress: resolved
[2025-05-19 01:21:03] Request method: GET
[2025-05-19 01:21:03] Successfully fetched complaint for case_id: CASE_429267C748D4D0F1
[2025-05-19 01:21:03] Request method: GET
[2025-05-19 01:21:03] Successfully fetched complaint for case_id: CASE_429267C748D4D0F1
[2025-05-19 01:21:03] Request method: GET
[2025-05-19 01:21:03] Successfully fetched 0 messages for case_id: CASE_429267C748D4D0F1
[2025-05-19 01:21:03] Request method: GET
[2025-05-19 01:21:03] Successfully fetched 0 messages for case_id: CASE_429267C748D4D0F1
[19-May-2025 01:21:14 Europe/Berlin] agency-dashboard.php - Case ID: CASE_429267C748D4D0F1, Progress: in process
[19-May-2025 01:21:14 Europe/Berlin] agency-dashboard.php - Case ID: CASE_675E018188DAC378, Progress: resolved
[19-May-2025 01:21:14 Europe/Berlin] agency-dashboard.php - Case ID: CASE_961F8F4ACB625F1D, Progress: resolved
[19-May-2025 01:21:14 Europe/Berlin] agency-dashboard.php - Case ID: CASE_9191A619D7E5FB21, Progress: not seen
[19-May-2025 01:21:14 Europe/Berlin] agency-dashboard.php - Case ID: CASE_911098123F398141, Progress: resolved
[19-May-2025 01:21:14 Europe/Berlin] agency-dashboard.php - Case ID: CASE_95395F2D9EF7A823, Progress: resolved
[19-May-2025 01:21:14 Europe/Berlin] agency-dashboard.php - Case ID: CASE_429267C748D4D0F1, Progress: in process
[19-May-2025 01:21:14 Europe/Berlin] agency-dashboard.php - Case ID: CASE_675E018188DAC378, Progress: resolved
[19-May-2025 01:21:14 Europe/Berlin] agency-dashboard.php - Case ID: CASE_961F8F4ACB625F1D, Progress: resolved
[19-May-2025 01:21:14 Europe/Berlin] agency-dashboard.php - Case ID: CASE_9191A619D7E5FB21, Progress: not seen
[19-May-2025 01:21:14 Europe/Berlin] agency-dashboard.php - Case ID: CASE_911098123F398141, Progress: resolved
[19-May-2025 01:21:14 Europe/Berlin] agency-dashboard.php - Case ID: CASE_95395F2D9EF7A823, Progress: resolved
[2025-05-19 01:21:17] Request method: GET
[2025-05-19 01:21:17] Successfully fetched complaint for case_id: CASE_675E018188DAC378
[2025-05-19 01:21:17] Request method: GET
[2025-05-19 01:21:17] Request method: GET
[2025-05-19 01:21:17] Successfully fetched complaint for case_id: CASE_675E018188DAC378
[2025-05-19 01:21:17] Successfully fetched 2 messages for case_id: CASE_675E018188DAC378
[2025-05-19 01:21:17] Request method: GET
[2025-05-19 01:21:17] Successfully fetched 2 messages for case_id: CASE_675E018188DAC378
[19-May-2025 01:22:10 Europe/Berlin] agency-dashboard.php - Case ID: CASE_429267C748D4D0F1, Progress: in process
[19-May-2025 01:22:10 Europe/Berlin] agency-dashboard.php - Case ID: CASE_675E018188DAC378, Progress: resolved
[19-May-2025 01:22:10 Europe/Berlin] agency-dashboard.php - Case ID: CASE_961F8F4ACB625F1D, Progress: resolved
[19-May-2025 01:22:10 Europe/Berlin] agency-dashboard.php - Case ID: CASE_9191A619D7E5FB21, Progress: not seen
[19-May-2025 01:22:10 Europe/Berlin] agency-dashboard.php - Case ID: CASE_911098123F398141, Progress: resolved
[19-May-2025 01:22:10 Europe/Berlin] agency-dashboard.php - Case ID: CASE_95395F2D9EF7A823, Progress: resolved
[19-May-2025 01:22:10 Europe/Berlin] agency-dashboard.php - Case ID: CASE_429267C748D4D0F1, Progress: in process
[19-May-2025 01:22:10 Europe/Berlin] agency-dashboard.php - Case ID: CASE_675E018188DAC378, Progress: resolved
[19-May-2025 01:22:10 Europe/Berlin] agency-dashboard.php - Case ID: CASE_961F8F4ACB625F1D, Progress: resolved
[19-May-2025 01:22:10 Europe/Berlin] agency-dashboard.php - Case ID: CASE_9191A619D7E5FB21, Progress: not seen
[19-May-2025 01:22:10 Europe/Berlin] agency-dashboard.php - Case ID: CASE_911098123F398141, Progress: resolved
[19-May-2025 01:22:10 Europe/Berlin] agency-dashboard.php - Case ID: CASE_95395F2D9EF7A823, Progress: resolved
[2025-05-19 01:22:27] Request method: GET
[2025-05-19 01:22:27] Successfully fetched complaint for case_id: CASE_429267C748D4D0F1
[2025-05-19 01:22:27] Request method: GET
[2025-05-19 01:22:27] Successfully fetched complaint for case_id: CASE_429267C748D4D0F1
[2025-05-19 01:22:27] Request method: GET
[2025-05-19 01:22:27] Successfully fetched 0 messages for case_id: CASE_429267C748D4D0F1
[2025-05-19 01:22:27] Request method: GET
[2025-05-19 01:22:27] Successfully fetched 0 messages for case_id: CASE_429267C748D4D0F1
[19-May-2025 01:22:33 Europe/Berlin] agency-dashboard.php - Case ID: CASE_429267C748D4D0F1, Progress: in process
[19-May-2025 01:22:33 Europe/Berlin] agency-dashboard.php - Case ID: CASE_675E018188DAC378, Progress: resolved
[19-May-2025 01:22:33 Europe/Berlin] agency-dashboard.php - Case ID: CASE_961F8F4ACB625F1D, Progress: resolved
[19-May-2025 01:22:33 Europe/Berlin] agency-dashboard.php - Case ID: CASE_9191A619D7E5FB21, Progress: not seen
[19-May-2025 01:22:33 Europe/Berlin] agency-dashboard.php - Case ID: CASE_911098123F398141, Progress: resolved
[19-May-2025 01:22:33 Europe/Berlin] agency-dashboard.php - Case ID: CASE_95395F2D9EF7A823, Progress: resolved
[19-May-2025 01:22:33 Europe/Berlin] agency-dashboard.php - Case ID: CASE_429267C748D4D0F1, Progress: in process
[19-May-2025 01:22:33 Europe/Berlin] agency-dashboard.php - Case ID: CASE_675E018188DAC378, Progress: resolved
[19-May-2025 01:22:33 Europe/Berlin] agency-dashboard.php - Case ID: CASE_961F8F4ACB625F1D, Progress: resolved
[19-May-2025 01:22:33 Europe/Berlin] agency-dashboard.php - Case ID: CASE_9191A619D7E5FB21, Progress: not seen
[19-May-2025 01:22:33 Europe/Berlin] agency-dashboard.php - Case ID: CASE_911098123F398141, Progress: resolved
[19-May-2025 01:22:33 Europe/Berlin] agency-dashboard.php - Case ID: CASE_95395F2D9EF7A823, Progress: resolved
[19-May-2025 01:31:49 Europe/Berlin] agency-dashboard.php - Case ID: CASE_429267C748D4D0F1, Progress: in process
[19-May-2025 01:31:49 Europe/Berlin] agency-dashboard.php - Case ID: CASE_675E018188DAC378, Progress: resolved
[19-May-2025 01:31:49 Europe/Berlin] agency-dashboard.php - Case ID: CASE_961F8F4ACB625F1D, Progress: resolved
[19-May-2025 01:31:49 Europe/Berlin] agency-dashboard.php - Case ID: CASE_9191A619D7E5FB21, Progress: not seen
[19-May-2025 01:31:49 Europe/Berlin] agency-dashboard.php - Case ID: CASE_911098123F398141, Progress: resolved
[19-May-2025 01:31:49 Europe/Berlin] agency-dashboard.php - Case ID: CASE_95395F2D9EF7A823, Progress: resolved
[19-May-2025 01:31:49 Europe/Berlin] agency-dashboard.php - Case ID: CASE_429267C748D4D0F1, Progress: in process
[19-May-2025 01:31:49 Europe/Berlin] agency-dashboard.php - Case ID: CASE_675E018188DAC378, Progress: resolved
[19-May-2025 01:31:49 Europe/Berlin] agency-dashboard.php - Case ID: CASE_961F8F4ACB625F1D, Progress: resolved
[19-May-2025 01:31:49 Europe/Berlin] agency-dashboard.php - Case ID: CASE_9191A619D7E5FB21, Progress: not seen
[19-May-2025 01:31:49 Europe/Berlin] agency-dashboard.php - Case ID: CASE_911098123F398141, Progress: resolved
[19-May-2025 01:31:49 Europe/Berlin] agency-dashboard.php - Case ID: CASE_95395F2D9EF7A823, Progress: resolved
[2025-05-19 01:32:18] Request method: GET
[2025-05-19 01:32:18] Successfully fetched complaint for case_id: CASE_675E018188DAC378
[2025-05-19 01:32:18] Request method: GET
[2025-05-19 01:32:18] Request method: GET
[2025-05-19 01:32:18] Successfully fetched complaint for case_id: CASE_675E018188DAC378
[2025-05-19 01:32:18] Successfully fetched 2 messages for case_id: CASE_675E018188DAC378
[2025-05-19 01:32:18] Request method: GET
[2025-05-19 01:32:18] Successfully fetched 2 messages for case_id: CASE_675E018188DAC378
[19-May-2025 01:32:23 Europe/Berlin] agency-dashboard.php - Case ID: CASE_429267C748D4D0F1, Progress: in process
[19-May-2025 01:32:23 Europe/Berlin] agency-dashboard.php - Case ID: CASE_675E018188DAC378, Progress: resolved
[19-May-2025 01:32:23 Europe/Berlin] agency-dashboard.php - Case ID: CASE_961F8F4ACB625F1D, Progress: resolved
[19-May-2025 01:32:23 Europe/Berlin] agency-dashboard.php - Case ID: CASE_9191A619D7E5FB21, Progress: in process
[19-May-2025 01:32:23 Europe/Berlin] agency-dashboard.php - Case ID: CASE_911098123F398141, Progress: resolved
[19-May-2025 01:32:23 Europe/Berlin] agency-dashboard.php - Case ID: CASE_95395F2D9EF7A823, Progress: resolved
[19-May-2025 01:32:23 Europe/Berlin] agency-dashboard.php - Case ID: CASE_429267C748D4D0F1, Progress: in process
[19-May-2025 01:32:23 Europe/Berlin] agency-dashboard.php - Case ID: CASE_675E018188DAC378, Progress: resolved
[19-May-2025 01:32:23 Europe/Berlin] agency-dashboard.php - Case ID: CASE_961F8F4ACB625F1D, Progress: resolved
[19-May-2025 01:32:23 Europe/Berlin] agency-dashboard.php - Case ID: CASE_9191A619D7E5FB21, Progress: in process
[19-May-2025 01:32:23 Europe/Berlin] agency-dashboard.php - Case ID: CASE_911098123F398141, Progress: resolved
[19-May-2025 01:32:23 Europe/Berlin] agency-dashboard.php - Case ID: CASE_95395F2D9EF7A823, Progress: resolved
[19-May-2025 01:39:22 Europe/Berlin] agency-dashboard.php - Case ID: CASE_429267C748D4D0F1, Progress: in process
[19-May-2025 01:39:22 Europe/Berlin] agency-dashboard.php - Case ID: CASE_675E018188DAC378, Progress: resolved
[19-May-2025 01:39:22 Europe/Berlin] agency-dashboard.php - Case ID: CASE_961F8F4ACB625F1D, Progress: resolved
[19-May-2025 01:39:22 Europe/Berlin] agency-dashboard.php - Case ID: CASE_9191A619D7E5FB21, Progress: in process
[19-May-2025 01:39:22 Europe/Berlin] agency-dashboard.php - Case ID: CASE_911098123F398141, Progress: resolved
[19-May-2025 01:39:22 Europe/Berlin] agency-dashboard.php - Case ID: CASE_95395F2D9EF7A823, Progress: resolved
[19-May-2025 01:39:22 Europe/Berlin] agency-dashboard.php - Case ID: CASE_429267C748D4D0F1, Progress: in process
[19-May-2025 01:39:22 Europe/Berlin] agency-dashboard.php - Case ID: CASE_675E018188DAC378, Progress: resolved
[19-May-2025 01:39:22 Europe/Berlin] agency-dashboard.php - Case ID: CASE_961F8F4ACB625F1D, Progress: resolved
[19-May-2025 01:39:22 Europe/Berlin] agency-dashboard.php - Case ID: CASE_9191A619D7E5FB21, Progress: in process
[19-May-2025 01:39:22 Europe/Berlin] agency-dashboard.php - Case ID: CASE_911098123F398141, Progress: resolved
[19-May-2025 01:39:22 Europe/Berlin] agency-dashboard.php - Case ID: CASE_95395F2D9EF7A823, Progress: resolved
[2025-05-19 01:39:27] Request method: GET
[2025-05-19 01:39:27] Successfully fetched complaint for case_id: CASE_429267C748D4D0F1
[2025-05-19 01:39:27] Request method: GET
[2025-05-19 01:39:27] Request method: GET
[2025-05-19 01:39:27] Successfully fetched complaint for case_id: CASE_429267C748D4D0F1
[2025-05-19 01:39:27] Successfully fetched 0 messages for case_id: CASE_429267C748D4D0F1
[2025-05-19 01:39:27] Request method: GET
[2025-05-19 01:39:28] Successfully fetched 0 messages for case_id: CASE_429267C748D4D0F1
[19-May-2025 01:44:26 Europe/Berlin] agency-dashboard.php - Case ID: CASE_429267C748D4D0F1, Progress: in process
[19-May-2025 01:44:26 Europe/Berlin] agency-dashboard.php - Case ID: CASE_675E018188DAC378, Progress: resolved
[19-May-2025 01:44:26 Europe/Berlin] agency-dashboard.php - Case ID: CASE_961F8F4ACB625F1D, Progress: resolved
[19-May-2025 01:44:26 Europe/Berlin] agency-dashboard.php - Case ID: CASE_9191A619D7E5FB21, Progress: in process
[19-May-2025 01:44:26 Europe/Berlin] agency-dashboard.php - Case ID: CASE_911098123F398141, Progress: resolved
[19-May-2025 01:44:26 Europe/Berlin] agency-dashboard.php - Case ID: CASE_95395F2D9EF7A823, Progress: resolved
[19-May-2025 01:44:26 Europe/Berlin] agency-dashboard.php - Case ID: CASE_429267C748D4D0F1, Progress: in process
[19-May-2025 01:44:26 Europe/Berlin] agency-dashboard.php - Case ID: CASE_675E018188DAC378, Progress: resolved
[19-May-2025 01:44:26 Europe/Berlin] agency-dashboard.php - Case ID: CASE_961F8F4ACB625F1D, Progress: resolved
[19-May-2025 01:44:26 Europe/Berlin] agency-dashboard.php - Case ID: CASE_9191A619D7E5FB21, Progress: in process
[19-May-2025 01:44:26 Europe/Berlin] agency-dashboard.php - Case ID: CASE_911098123F398141, Progress: resolved
[19-May-2025 01:44:26 Europe/Berlin] agency-dashboard.php - Case ID: CASE_95395F2D9EF7A823, Progress: resolved
[2025-05-19 01:44:32] Request method: GET
[2025-05-19 01:44:32] Successfully fetched complaint for case_id: CASE_675E018188DAC378
[2025-05-19 01:44:32] Request method: GET
[2025-05-19 01:44:32] Request method: GET
[2025-05-19 01:44:32] Successfully fetched complaint for case_id: CASE_675E018188DAC378
[2025-05-19 01:44:32] Successfully fetched 2 messages for case_id: CASE_675E018188DAC378
[2025-05-19 01:44:32] Request method: GET
[2025-05-19 01:44:32] Successfully fetched 2 messages for case_id: CASE_675E018188DAC378
